-0.8178243637084961,6.33036470413208,-0.3578803539276123,2.368314504623413,1.035019040107727,-0.5186322927474976,-0.3102726340293884,-0.17370928823947906,2.040954351425171,1.8900166749954224,-0.9015805125236511,1.8183923959732056,-0.34911906719207764,-2.68037748336792,4.298727989196777,0.34058183431625366
-0.75779128074646,6.1712117195129395,-0.3012533485889435,2.285764455795288,1.0029698610305786,-0.5364365577697754,-0.25469255447387695,-0.18454034626483917,2.008148193359375,1.8142900466918945,-0.9006001949310303,1.742565393447876,-0.24937087297439575,-2.624657392501831,4.176783084869385,0.28790906071662903
-0.6089982390403748,5.534470081329346,-0.14838984608650208,1.9235647916793823,0.9063420295715332,-0.5181704163551331,0.01483476348221302,-0.20546717941761017,1.7195101976394653,1.5215215682983398,-0.9084477424621582,1.3989248275756836,-0.14783279597759247,-2.308971405029297,3.623215913772583,0.21706032752990723
-0.5264521837234497,5.147738456726074,-0.06426318734884262,1.7449066638946533,0.9123255610466003,-0.49853581190109253,0.1125602275133133,-0.21211878955364227,1.5813864469528198,1.373671293258667,-0.890251874923706,1.1989492177963257,-0.1313062310218811,-2.115334987640381,3.295552968978882,0.23272672295570374
-0.4941498935222626,4.879769325256348,-0.04380342736840248,1.5972092151641846,0.8779670000076294,-0.49320927262306213,0.15136486291885376,-0.20870521664619446,1.44008207321167,1.317649245262146,-0.8987590074539185,1.1227279901504517,0.00857853889465332,-1.9794011116027832,3.056840658187866,0.19206450879573822
-0.45824626088142395,4.845853805541992,-0.039334144443273544,1.530469536781311,0.9464091062545776,-0.47746849060058594,0.14106497168540955,-0.1496104896068573,1.4485394954681396,1.262335181236267,-0.8546316623687744,1.1128511428833008,-0.0071776192635297775,-1.9860831499099731,3.0554661750793457,0.12390729039907455
-0.49595001339912415,4.912781238555908,-0.037111300975084305,1.5848305225372314,1.014826774597168,-0.47059646248817444,0.11800013482570648,-0.13363806903362274,1.471683144569397,1.2589476108551025,-0.830432116985321,1.1789251565933228,-0.0661025419831276,-2.033106565475464,3.0873160362243652,0.10696244239807129
-0.4835251271724701,4.895668029785156,-0.017468556761741638,1.5555081367492676,0.9590814709663391,-0.40958884358406067,0.10889483243227005,-0.11491068452596664,1.4680315256118774,1.2644697427749634,-0.8279511332511902,1.1808313131332397,-0.004259496461600065,-1.9578773975372314,3.0777792930603027,0.10657471418380737
-0.4283868670463562,4.897479057312012,-0.08305274695158005,1.5783131122589111,0.9739137291908264,-0.4027385413646698,0.14481203258037567,-0.1902795135974884,1.4982303380966187,1.243077278137207,-0.8280109763145447,1.20688796043396,0.020086707547307014,-1.9508355855941772,3.042146682739258,0.09945099800825119
-0.3582170605659485,4.7336649894714355,-0.07070416212081909,1.5350542068481445,0.9779353141784668,-0.4199630320072174,0.18698938190937042,-0.2341533899307251,1.391675591468811,1.1826289892196655,-0.8155528903007507,1.1848760843276978,0.031445007771253586,-1.8645788431167603,2.988186836242676,0.08579004555940628
-0.37318968772888184,4.681276798248291,-0.07475537061691284,1.528207540512085,0.9181110262870789,-0.47008955478668213,0.20426210761070251,-0.21119697391986847,1.3425711393356323,1.1814253330230713,-0.8352838754653931,1.1380468606948853,0.10032577067613602,-1.8382346630096436,2.9716572761535645,0.13691289722919464
-0.3562697172164917,4.7024335861206055,-0.05209502577781677,1.494673252105713,0.9069241285324097,-0.49744492769241333,0.1948414444923401,-0.17848321795463562,1.3474637269973755,1.2110909223556519,-0.8238984942436218,1.1072489023208618,0.056770164519548416,-1.9133961200714111,2.9708032608032227,0.09643062204122543
-0.44766736030578613,4.838747978210449,-0.029652679339051247,1.5985147953033447,0.9064154028892517,-0.44907093048095703,0.11938289552927017,-0.1890132874250412,1.4014499187469482,1.2066537141799927,-0.8803722262382507,1.1938799619674683,-0.03166625648736954,-1.9766898155212402,3.0716822147369385,0.09452927857637405
-0.4110240638256073,4.8299384117126465,-0.11718390882015228,1.549628496170044,0.9102433919906616,-0.4238385260105133,0.15774190425872803,-0.12541218101978302,1.418794870376587,1.227044701576233,-0.8412588834762573,1.1743278503417969,0.01628967560827732,-1.969610571861267,3.0847811698913574,0.08377474546432495
-0.4559548795223236,4.811506271362305,-0.10091807693243027,1.515234112739563,0.9357579946517944,-0.4530905783176422,0.09538321942090988,-0.18773220479488373,1.3621904850006104,1.229352355003357,-0.8755594491958618,1.2055473327636719,-0.05446140095591545,-1.9118248224258423,3.011085033416748,0.18319272994995117
-0.4844222068786621,4.722292900085449,-0.07314032316207886,1.444952130317688,0.9574064016342163,-0.549689769744873,0.11546897888183594,-0.24995005130767822,1.288408875465393,1.1835139989852905,-0.831913948059082,1.18203866481781,-0.010811465792357922,-1.8858554363250732,3.0034894943237305,0.15037588775157928
-0.4738657772541046,4.771213531494141,-0.06671206653118134,1.4526110887527466,0.8744720220565796,-0.50180584192276,0.14099061489105225,-0.142411008477211,1.3791265487670898,1.2518317699432373,-0.8056669235229492,1.1595048904418945,0.017164526507258415,-1.9430961608886719,3.039659261703491,0.1738889515399933
-0.5224114060401917,4.889455318450928,-0.03279181197285652,1.5541486740112305,0.8801256418228149,-0.47057169675827026,0.05671340972185135,-0.11776436865329742,1.4213666915893555,1.228216290473938,-0.7910535335540771,1.1365478038787842,-0.03917212784290314,-2.020616054534912,3.1102981567382812,0.11405610293149948
-0.43071413040161133,4.658937454223633,-0.03355901688337326,1.5022451877593994,0.8601602911949158,-0.45513102412223816,0.15121902525424957,-0.08719640225172043,1.332943081855774,1.1431055068969727,-0.7475731372833252,1.1510469913482666,0.05502055585384369,-1.8529075384140015,2.9868462085723877,0.08875926584005356
-0.35296040773391724,4.567310810089111,-0.03317813202738762,1.4597760438919067,0.8605607748031616,-0.4533037543296814,0.2203628420829773,-0.09435836970806122,1.2843692302703857,1.0734524726867676,-0.785788357257843,1.1166868209838867,0.08966387063264847,-1.786989688873291,2.8647637367248535,0.10584040731191635
-0.4556688964366913,4.927158355712891,-0.07403390854597092,1.605207085609436,0.9809872508049011,-0.4353196918964386,0.12792827188968658,-0.13680803775787354,1.5150567293167114,1.1983296871185303,-0.7605811953544617,1.1738591194152832,-0.1047765389084816,-1.998327612876892,3.0384607315063477,0.142018660902977
-0.6198088526725769,5.221678256988525,-0.06824871152639389,1.7541946172714233,0.9970571994781494,-0.4634992480278015,0.06317147612571716,-0.19603797793388367,1.6511285305023193,1.384594202041626,-0.8556566834449768,1.2836233377456665,-0.10240393877029419,-2.079641580581665,3.2713065147399902,0.15019994974136353
-1.7053455114364624,8.299056053161621,-0.249796524643898,3.4138221740722656,1.489466905593872,-0.4389335513114929,-0.5777909755706787,-0.5364346504211426,3.430147409439087,2.944406270980835,-0.8836307525634766,2.344507932662964,-0.7071399092674255,-3.67846941947937,5.6662092208862305,0.4581386148929596
-2.8643975257873535,11.955074310302734,-0.7517305016517639,5.5726447105407715,2.004347324371338,-0.6176665425300598,-1.3169382810592651,-0.9121522307395935,5.3461527824401855,4.414108753204346,-0.8040938377380371,3.6377878189086914,-1.274544596672058,-5.901954174041748,8.526946067810059,0.96360844373703
-2.977266311645508,12.895406723022461,-1.0200082063674927,5.986138820648193,1.9936691522598267,-0.6029211282730103,-1.5076521635055542,-0.9384346008300781,5.596964359283447,4.579670429229736,-0.7277513742446899,4.012846946716309,-1.4478071928024292,-6.503735542297363,9.176536560058594,1.0357669591903687
-2.7685794830322266,12.659467697143555,-1.1476647853851318,5.726836204528809,1.8751312494277954,-0.59531569480896,-1.5374200344085693,-0.8064161539077759,5.37238073348999,4.333874702453613,-0.7135070562362671,3.91156005859375,-1.5674530267715454,-6.316975116729736,8.910540580749512,0.9037708044052124
-2.4266855716705322,11.343951225280762,-0.947539210319519,4.984168529510498,1.7284693717956543,-0.5336156487464905,-1.4069280624389648,-0.49617573618888855,4.642714500427246,3.6789281368255615,-0.8149484992027283,3.5575857162475586,-1.4919180870056152,-5.49587869644165,7.951094150543213,0.8460402488708496
-2.2399518489837646,10.597895622253418,-0.8321331739425659,4.573202610015869,1.7730743885040283,-0.4761168360710144,-1.398711085319519,-0.329998642206192,4.319444179534912,3.362928867340088,-0.7581686973571777,3.3485653400421143,-1.4581351280212402,-4.991465091705322,7.374074935913086,0.7209769487380981
-2.476485252380371,11.343779563903809,-0.9576613903045654,4.994801044464111,1.9749736785888672,-0.418254017829895,-1.5610928535461426,-0.5069664716720581,4.741318225860596,3.7406723499298096,-0.7031943202018738,3.5217525959014893,-1.4864305257797241,-5.410430908203125,7.815453052520752,0.8013426065444946
-2.2569150924682617,10.385422706604004,-0.7453218698501587,4.545331001281738,1.9277567863464355,-0.3884137272834778,-1.267274022102356,-0.5798839926719666,4.270499229431152,3.351128339767456,-0.7918134331703186,3.0783159732818604,-1.1851671934127808,-4.852406978607178,7.114112854003906,0.7048461437225342
-1.6289128065109253,8.575418472290039,-0.3764124810695648,3.7628445625305176,1.6035115718841553,-0.5288960933685303,-0.46835190057754517,-0.7044047117233276,3.453773021697998,2.9379873275756836,-0.9522466063499451,2.403507947921753,-0.5911775231361389,-3.948951482772827,5.671915531158447,0.6637307405471802
-1.864268183708191,10.043638229370117,-0.402248740196228,4.749741554260254,1.6297999620437622,-0.7977500557899475,-0.0773446336388588,-1.361671805381775,4.5210442543029785,4.025070667266846,-1.2805854082107544,2.510598659515381,-0.2088172882795334,-5.180392265319824,6.684410095214844,1.1827596426010132
-2.772617816925049,12.02924633026123,-0.7166785597801208,5.683195114135742,1.968698263168335,-0.7572334408760071,-0.9292840361595154,-1.3792369365692139,5.439998149871826,4.640866279602051,-1.0336896181106567,3.2485365867614746,-0.8474366664886475,-6.248742580413818,8.25135612487793,1.2760506868362427
-2.867790460586548,12.132431983947754,-0.8732513189315796,5.599859237670898,2.068885087966919,-0.6889071464538574,-1.4205763339996338,-1.0498844385147095,5.192511081695557,4.408757209777832,-0.8175216913223267,3.5329935550689697,-1.204687237739563,-6.035121917724609,8.34087085723877,1.256709098815918
-2.140385627746582,9.6925687789917,-0.4709058701992035,4.145888328552246,1.6975672245025635,-0.6097583770751953,-0.9849449396133423,-0.6541205048561096,3.889491081237793,3.3502001762390137,-0.9273988604545593,2.8334882259368896,-0.8541863560676575,-4.549293041229248,6.609008312225342,0.7425862550735474
-2.287463903427124,10.224068641662598,-0.6039028763771057,4.434974670410156,1.5742223262786865,-0.5606788396835327,-1.1330479383468628,-0.6461957693099976,4.148456573486328,3.5646095275878906,-0.8847962021827698,3.0383260250091553,-1.0962151288986206,-4.8544020652771,7.040719032287598,0.7306186556816101
-2.958064079284668,12.666175842285156,-1.0349165201187134,5.815032958984375,1.787041187286377,-0.4874219000339508,-1.7928863763809204,-0.7429492473602295,5.369585037231445,4.365672588348389,-0.6919923424720764,3.9226772785186768,-1.6812032461166382,-6.234068870544434,8.868946075439453,1.0599244832992554
-3.1532583236694336,13.000496864318848,-1.1630431413650513,5.970076084136963,1.774192214012146,-0.43884289264678955,-1.8890979290008545,-0.7005509734153748,5.449037551879883,4.40946626663208,-0.6298596262931824,4.086335182189941,-1.7216414213180542,-6.449592590332031,9.296879768371582,1.0409345626831055
-3.220484495162964,13.517983436584473,-1.2832567691802979,6.386273384094238,1.8600932359695435,-0.38408133387565613,-2.0069613456726074,-0.7331638336181641,5.710868835449219,4.510148048400879,-0.5676165223121643,4.425329208374023,-1.8741567134857178,-6.838408946990967,9.781379699707031,1.098863124847412
-3.062891960144043,13.082599639892578,-1.3506319522857666,6.1315813064575195,1.8951917886734009,-0.4180578291416168,-1.9160809516906738,-0.6599079966545105,5.536081790924072,4.350539684295654,-0.5021908283233643,4.329192161560059,-1.8823940753936768,-6.541250705718994,9.47719669342041,0.9507443308830261
-2.7185821533203125,12.118586540222168,-1.1539026498794556,5.50417947769165,1.8890457153320312,-0.36733871698379517,-1.696086049079895,-0.5616284608840942,5.007436752319336,3.9487087726593018,-0.5761957168579102,3.940394878387451,-1.7123221158981323,-5.916319370269775,8.611188888549805,0.8302284479141235
-2.3870980739593506,10.817926406860352,-0.8284855484962463,4.677538871765137,1.7802109718322754,-0.33506643772125244,-1.4223296642303467,-0.4324297308921814,4.349113464355469,3.3619868755340576,-0.7290523052215576,3.3492355346679688,-1.5244063138961792,-5.168344497680664,7.647526264190674,0.6226898431777954
-1.9139734506607056,9.163555145263672,-0.5180770754814148,3.697608709335327,1.4553908109664917,-0.33910736441612244,-0.9589498043060303,-0.3091337978839874,3.4819459915161133,2.797855854034424,-0.800030529499054,2.7120649814605713,-1.162270426750183,-4.230887413024902,6.326504230499268,0.4207219183444977
-1.6183992624282837,8.242121696472168,-0.3259652853012085,3.2212493419647217,1.181408405303955,-0.43748539686203003,-0.5241661667823792,-0.38124868273735046,3.1091835498809814,2.6030795574188232,-0.8445601463317871,2.3376832008361816,-0.8707927465438843,-3.7146198749542236,5.726223468780518,0.3334009349346161
-2.3191616535186768,10.55478286743164,-0.7070772647857666,4.54463529586792,1.4467169046401978,-0.45390021800994873,-1.1992714405059814,-0.5396525263786316,4.379360675811768,3.5765936374664307,-0.758529007434845,3.313505172729492,-1.4529855251312256,-5.0687971115112305,7.547969341278076,0.7010171413421631
-3.0035698413848877,13.052271842956543,-1.2637656927108765,6.074421405792236,1.650882601737976,-0.35051894187927246,-1.8646814823150635,-0.5988288521766663,5.68222713470459,4.439130783081055,-0.5467501282691956,4.334039211273193,-2.034435987472534,-6.517922401428223,9.415205955505371,1.089776635169983
-3.0965828895568848,13.78625774383545,-1.3121672868728638,6.599377155303955,1.6648597717285156,-0.358190655708313,-1.9570889472961426,-0.739919900894165,6.07285213470459,4.668697834014893,-0.5337921977043152,4.5791401863098145,-1.9930297136306763,-6.98923397064209,9.904687881469727,1.1696597337722778
-2.966446876525879,13.445030212402344,-1.2581307888031006,6.378961563110352,1.7246167659759521,-0.44660553336143494,-1.8070924282073975,-0.8056506514549255,5.905762195587158,4.579456806182861,-0.5255831480026245,4.340453624725342,-1.7828668355941772,-6.801952362060547,9.682894706726074,1.0427603721618652
-2.832873821258545,13.002304077148438,-1.170786738395691,5.984827995300293,1.8355766534805298,-0.4793892502784729,-1.6880539655685425,-0.7379629611968994,5.734398365020752,4.467667579650879,-0.5580859780311584,4.234364986419678,-1.7954528331756592,-6.47307825088501,9.269542694091797,0.9785846471786499
-2.4311516284942627,11.355531692504883,-0.9127209782600403,4.915152549743652,1.6952476501464844,-0.41503146290779114,-1.4850475788116455,-0.384167343378067,4.815598487854004,3.666696786880493,-0.7412453889846802,3.670757293701172,-1.682403802871704,-5.441740036010742,7.936964511871338,0.8153119683265686
-2.095590829849243,10.224821090698242,-0.7859744429588318,4.280685901641846,1.582373023033142,-0.391028493642807,-1.323408603668213,-0.25566089153289795,4.166795253753662,3.2256879806518555,-0.7447410821914673,3.258044719696045,-1.5090842247009277,-4.735838890075684,7.070088863372803,0.589709997177124
-2.416459560394287,11.11269474029541,-0.8954030275344849,4.808194637298584,1.7561609745025635,-0.3985588252544403,-1.41109037399292,-0.4155502915382385,4.74714994430542,3.7226996421813965,-0.7646373510360718,3.600592613220215,-1.6905642747879028,-5.293758869171143,7.818073272705078,0.7882739305496216
-2.395594835281372,10.795823097229004,-0.762707531452179,4.695383071899414,1.66450035572052,-0.3287924528121948,-1.4379048347473145,-0.32446005940437317,4.615542411804199,3.576899528503418,-0.7504642605781555,3.6351349353790283,-1.6789917945861816,-5.158944129943848,7.668888568878174,0.7688002586364746
-2.045722007751465,9.572587966918945,-0.5035499334335327,3.9045937061309814,1.5347880125045776,-0.38967958092689514,-1.2393274307250977,-0.1757144331932068,3.9143457412719727,3.113588809967041,-0.7756310701370239,3.2147066593170166,-1.4597338438034058,-4.378207683563232,6.700538158416748,0.538520336151123
-2.3967740535736084,10.497653007507324,-0.6748178005218506,4.492785930633545,1.7470438480377197,-0.43174034357070923,-1.5308209657669067,-0.31603628396987915,4.4416046142578125,3.5446438789367676,-0.669873058795929,3.489034414291382,-1.5803884267807007,-4.9668402671813965,7.4082136154174805,0.5758708715438843
-2.8547966480255127,11.687541007995605,-0.7611154317855835,5.300540924072266,1.9584776163101196,-0.5005972981452942,-1.6777992248535156,-0.5606512427330017,5.049381732940674,4.08529806137085,-0.6077508926391602,3.8087754249572754,-1.4814664125442505,-5.662237167358398,8.324292182922363,0.8021206259727478
-2.795203924179077,11.259509086608887,-0.5358046889305115,5.169069290161133,1.921525478363037,-0.40252286195755005,-1.7980422973632812,-0.4952312111854553,4.848346710205078,3.8733415603637695,-0.5463428497314453,3.6869029998779297,-1.4662878513336182,-5.392284870147705,7.930880069732666,0.6334164142608643
-2.8410890102386475,11.382091522216797,-0.4516470730304718,5.413608551025391,1.9424749612808228,-0.37347379326820374,-1.7245299816131592,-0.6137226819992065,4.977487087249756,3.9777584075927734,-0.6065189838409424,3.639239549636841,-1.4161242246627808,-5.4819536209106445,8.100895881652832,0.7315349578857422
-3.109459161758423,12.502411842346191,-0.6812397837638855,6.222736835479736,2.082735300064087,-0.41620877385139465,-1.6764922142028809,-0.9795658588409424,5.746640682220459,4.582106113433838,-0.6699960231781006,3.847947359085083,-1.3134856224060059,-6.235898971557617,8.840450286865234,1.2835694551467896
-3.0791537761688232,12.719474792480469,-0.8458483219146729,6.279358386993408,2.0772194862365723,-0.5361915230751038,-1.6098178625106812,-1.1262876987457275,5.748425006866455,4.612362861633301,-0.7070395350456238,3.917602300643921,-1.119737148284912,-6.408507823944092,8.894576072692871,1.4651060104370117
-2.8106842041015625,11.831263542175293,-0.7713748216629028,5.630955219268799,1.905289649963379,-0.611976146697998,-1.3798285722732544,-0.9254644513130188,5.151033401489258,4.227653980255127,-0.6983893513679504,3.52154541015625,-0.9234416484832764,-5.898392677307129,8.227874755859375,1.170212745666504
-2.81249737739563,11.974541664123535,-0.7635015249252319,5.653506278991699,1.904388666152954,-0.6272565722465515,-1.3905490636825562,-0.8631565570831299,5.128540992736816,4.325387001037598,-0.726460874080658,3.4886832237243652,-0.8602260947227478,-6.0132551193237305,8.267040252685547,1.1023759841918945
-2.8703932762145996,11.708784103393555,-0.645054280757904,5.604913711547852,1.8904540538787842,-0.4882223308086395,-1.5691945552825928,-0.795045018196106,4.9627909660339355,4.1118950843811035,-0.7265164852142334,3.4923129081726074,-1.0569339990615845,-5.8463616371154785,8.181245803833008,0.9953877925872803
-2.729952812194824,11.250064849853516,-0.5120518803596497,5.3989434242248535,1.9482442140579224,-0.4626558721065521,-1.5762381553649902,-0.7543140053749084,4.823318958282471,3.89902400970459,-0.6585151553153992,3.4051342010498047,-1.2361899614334106,-5.462364196777344,8.037181854248047,0.7572845220565796
-2.8079659938812256,11.883354187011719,-0.7727696299552917,5.633016586303711,1.9613885879516602,-0.43296268582344055,-1.5275763273239136,-0.8460020422935486,5.1322760581970215,4.093295574188232,-0.5883251428604126,3.6533639430999756,-1.4447461366653442,-5.783642768859863,8.544951438903809,0.8982805013656616
-2.9761133193969727,13.067771911621094,-1.2337619066238403,6.229253768920898,2.0005476474761963,-0.30106601119041443,-1.5587913990020752,-0.9499594569206238,5.681948661804199,4.553286552429199,-0.5362600684165955,4.155128479003906,-1.446126103401184,-6.596978187561035,9.31975269317627,1.2658600807189941
-2.967250108718872,13.364946365356445,-1.4063652753829956,6.327406406402588,2.079421043395996,-0.32458510994911194,-1.5889043807983398,-0.9575695991516113,5.916360855102539,4.709171772003174,-0.5062683820724487,4.310556411743164,-1.3907374143600464,-6.737754821777344,9.353045463562012,1.3806520700454712
-2.920795440673828,13.238451957702637,-1.2717394828796387,6.331242084503174,2.2054622173309326,-0.4117370545864105,-1.5376676321029663,-1.0383973121643066,5.93895149230957,4.7077436447143555,-0.5999792814254761,4.173828601837158,-1.22588312625885,-6.667445182800293,9.210351943969727,1.357795238494873
-2.7385551929473877,12.174131393432617,-0.9824439883232117,5.75184440612793,2.2283449172973633,-0.41239869594573975,-1.4975594282150269,-0.872524082660675,5.339933395385742,4.166296005249023,-0.6629177331924438,3.7840280532836914,-1.0812668800354004,-5.990340709686279,8.418740272521973,1.0772528648376465
-2.36474871635437,10.56911849975586,-0.7044559121131897,4.738272190093994,2.0146946907043457,-0.38523465394973755,-1.3115876913070679,-0.6445000767707825,4.493945598602295,3.4157891273498535,-0.7669998407363892,3.220682382583618,-0.9968156814575195,-5.044407844543457,7.27970027923584,0.7180113792419434
-1.8316514492034912,8.985828399658203,-0.495075523853302,3.8890857696533203,1.7244869470596313,-0.47941064834594727,-0.9230455756187439,-0.5080124735832214,3.57242751121521,2.7706117630004883,-0.8375949263572693,2.650479555130005,-0.6807112693786621,-4.146821022033691,6.090038776397705,0.6720224618911743
-1.4243370294570923,7.861583709716797,-0.3059025704860687,3.333000659942627,1.3963630199432373,-0.5745751857757568,-0.44779202342033386,-0.567133367061615,3.0295448303222656,2.5319626331329346,-0.9515467286109924,2.1350066661834717,-0.29401031136512756,-3.55889892578125,5.216540336608887,0.6957806348800659
-2.2720448970794678,11.027318000793457,-0.5703704357147217,5.271623611450195,1.6175674200057983,-0.8369840979576111,-0.5098215937614441,-1.4062600135803223,4.696237087249756,4.177311897277832,-1.264634132385254,2.7722036838531494,-0.36927562952041626,-5.727161884307861,7.702169895172119,1.265015959739685
-3.0540883541107178,13.03731918334961,-0.9460845589637756,6.5214524269104,2.040353298187256,-0.6810113191604614,-1.2751591205596924,-1.392672061920166,5.854615211486816,4.979970932006836,-0.9748486876487732,3.7487857341766357,-0.8934681415557861,-6.838233470916748,9.056587219238281,1.561093807220459
-3.2126352787017822,13.458232879638672,-1.1213788986206055,6.714809417724609,2.247648000717163,-0.7113112807273865,-1.463291883468628,-1.4367343187332153,6.165860652923584,5.06557035446167,-0.7002848982810974,4.220441818237305,-0.9714856147766113,-6.9874773025512695,9.13913631439209,1.7971827983856201
-3.248055934906006,13.601536750793457,-1.1136395931243896,6.85014009475708,2.279966354370117,-0.7122552394866943,-1.4845530986785889,-1.5095165967941284,6.375344753265381,5.143840312957764,-0.618411123752594,4.305010795593262,-0.9889973998069763,-7.073493480682373,9.248862266540527,1.8695546388626099
-3.2549569606781006,13.524779319763184,-1.0263969898223877,6.947181224822998,2.2179648876190186,-0.6014530658721924,-1.5404373407363892,-1.414032220840454,6.36349630355835,5.134946346282959,-0.6564403772354126,4.187522888183594,-0.9629191160202026,-7.024382591247559,9.265974044799805,1.889917254447937
-3.196870803833008,13.288858413696289,-0.8209736347198486,6.929664134979248,2.0849509239196777,-0.40542688965797424,-1.599178671836853,-1.189676284790039,6.188678741455078,5.116386890411377,-0.6324660778045654,4.064069747924805,-0.8937916159629822,-6.974915027618408,9.088863372802734,1.8010354042053223
-3.130854845046997,13.049460411071777,-0.7707047462463379,6.698678970336914,2.0547385215759277,-0.4006803333759308,-1.5573538541793823,-1.0978142023086548,6.036979675292969,5.00741720199585,-0.5773509740829468,4.009036540985107,-0.8206152319908142,-6.772209644317627,8.966503143310547,1.6910936832427979
-3.095515727996826,12.56471061706543,-0.7882096767425537,6.242504119873047,2.1054086685180664,-0.4741877019405365,-1.5232404470443726,-1.0253337621688843,5.8389739990234375,4.759053707122803,-0.5338583588600159,3.962637186050415,-0.9082332253456116,-6.4172773361206055,8.705428123474121,1.5126409530639648
-2.972818613052368,12.23923110961914,-0.7980901598930359,5.9888224601745605,2.185494899749756,-0.4832175076007843,-1.508667230606079,-0.9627727270126343,5.683945655822754,4.62128210067749,-0.5629637241363525,3.9096930027008057,-0.9852496385574341,-6.199578285217285,8.546608924865723,1.3731476068496704
-2.9122579097747803,12.059209823608398,-0.735595703125,5.808252811431885,2.182905435562134,-0.3929324746131897,-1.460985779762268,-0.8894564509391785,5.573426723480225,4.541085243225098,-0.6589170694351196,3.8140270709991455,-1.0700998306274414,-6.040950298309326,8.405664443969727,1.2988413572311401
-2.4162702560424805,10.55424690246582,-0.5150373578071594,4.776770114898682,1.9905879497528076,-0.38005441427230835,-1.1218987703323364,-0.6684491038322449,4.692758560180664,3.8295416831970215,-0.773239254951477,3.283818006515503,-0.89449542760849,-5.138424873352051,7.209639549255371,1.0583406686782837
-1.7930381298065186,8.930335998535156,-0.4502696394920349,3.8197062015533447,1.6698803901672363,-0.43786635994911194,-0.627524197101593,-0.5175106525421143,3.7861976623535156,3.11836314201355,-0.7583687901496887,2.5756194591522217,-0.3883829414844513,-4.209901332855225,5.957798480987549,0.8432157635688782
-1.672831654548645,9.308929443359375,-0.5816248655319214,4.078670024871826,1.5515702962875366,-0.521705687046051,-0.5112108588218689,-0.7536231875419617,3.679722309112549,3.1803691387176514,-0.7811200022697449,2.4007363319396973,-0.22429226338863373,-4.54241943359375,6.233221054077148,0.8969230651855469
-1.4066094160079956,8.493382453918457,-0.5197945237159729,3.56581449508667,1.3391369581222534,-0.4889368414878845,-0.3664894998073578,-0.716263473033905,3.2314822673797607,2.802953004837036,-0.870037853717804,2.0586750507354736,-0.14272107183933258,-4.0682783126831055,5.516201496124268,0.7818991541862488
-1.0465807914733887,7.046675682067871,-0.3050100803375244,2.6927735805511475,1.1785200834274292,-0.4902557134628296,-0.06887418031692505,-0.4903377592563629,2.6253182888031006,2.2968528270721436,-0.86953204870224,1.7531801462173462,0.020718693733215332,-3.2069852352142334,4.448086261749268,0.6583852767944336
-0.8569682836532593,6.257343769073486,-0.1518452912569046,2.3803822994232178,1.152903437614441,-0.42790019512176514,0.03413039818406105,-0.4182834327220917,2.342209815979004,2.0300991535186768,-0.8654882907867432,1.6652346849441528,0.09865220636129379,-2.7710394859313965,3.975160598754883,0.6537490487098694
-1.584975242614746,8.487186431884766,-0.4322238862514496,3.73203182220459,1.3630326986312866,-0.5282301306724548,-0.2699662744998932,-0.887810230255127,3.453436851501465,3.184623956680298,-0.9723212122917175,2.3271172046661377,-0.2858874499797821,-4.087836265563965,5.563512325286865,1.0660876035690308
-2.979374408721924,12.761133193969727,-1.0109410285949707,6.104507923126221,1.9911024570465088,-0.7833735346794128,-1.285965919494629,-1.424559473991394,5.673259258270264,4.9266510009765625,-0.9869640469551086,3.6909615993499756,-1.1589303016662598,-6.73197603225708,8.957304000854492,1.5376025438308716
-2.9047677516937256,12.169550895690918,-0.8783597350120544,5.55705451965332,1.9118422269821167,-0.6718316674232483,-1.5704624652862549,-1.0240191221237183,5.3093743324279785,4.449777603149414,-0.8948065042495728,3.862046003341675,-1.456817865371704,-6.174426555633545,8.615869522094727,1.159008502960205
-2.2623677253723145,10.195995330810547,-0.6035072207450867,4.415349960327148,1.6087528467178345,-0.6328365802764893,-1.10210382938385,-0.7257302403450012,4.303598880767822,3.6438474655151367,-0.8874462246894836,3.256211757659912,-1.0812134742736816,-4.923769950866699,7.166087627410889,0.7745152115821838
-2.1553525924682617,10.141292572021484,-0.7084205150604248,4.481014251708984,1.5127251148223877,-0.5980662107467651,-1.1591739654541016,-0.6345846652984619,4.260171413421631,3.5715348720550537,-0.8166213631629944,3.27787446975708,-1.0244426727294922,-4.909943103790283,7.0416579246521,0.8717893958091736
-2.9661242961883545,13.729119300842285,-1.4629589319229126,6.672806262969971,1.8534061908721924,-0.5123794674873352,-1.7136116027832031,-1.0164834260940552,6.1612067222595215,5.009970664978027,-0.6114263534545898,4.472434997558594,-1.5054521560668945,-7.1038007736206055,9.531885147094727,1.871207594871521
-3.290943145751953,15.04301643371582,-1.84012770652771,7.4415283203125,1.9709893465042114,-0.6143047213554382,-2.021639823913574,-1.241465449333191,6.762971878051758,5.302693843841553,-0.516627311706543,4.988211631774902,-1.751159429550171,-7.934952735900879,10.529358863830566,2.131809711456299
-3.1565093994140625,14.783045768737793,-1.9185236692428589,7.290689945220947,1.9029754400253296,-0.6752228140830994,-2.0707316398620605,-1.1990069150924683,6.585183620452881,5.120778560638428,-0.5401343107223511,4.896231174468994,-1.7725367546081543,-7.711208343505859,10.372328758239746,1.9944064617156982
-2.8701133728027344,13.963479042053223,-1.6461697816848755,6.866762161254883,1.808729648590088,-0.6736035346984863,-1.903967022895813,-1.0280779600143433,6.085623264312744,4.836145401000977,-0.5928306579589844,4.459073543548584,-1.5222296714782715,-7.170546054840088,9.73375415802002,1.8150378465652466
-2.1754863262176514,11.630231857299805,-1.181761622428894,5.549118995666504,1.5977215766906738,-0.6467949151992798,-1.2730463743209839,-0.728252112865448,4.747066497802734,3.869640827178955,-0.7697440385818481,3.477205514907837,-0.905218243598938,-5.8776655197143555,7.9622039794921875,1.3211970329284668
-1.7224607467651367,10.89928150177002,-0.8942265510559082,5.237668514251709,1.4783616065979004,-0.9140169024467468,-0.4407717287540436,-1.2376761436462402,4.287712574005127,3.9524314403533936,-1.1061482429504395,2.743616819381714,-0.3483041524887085,-5.639986038208008,7.424658298492432,1.2392221689224243
-1.6624835729599,11.252522468566895,-0.6598560214042664,5.64960241317749,1.350156545639038,-1.1639131307601929,0.36358126997947693,-2.2337090969085693,4.726489067077637,4.746748924255371,-1.5853792428970337,2.2370049953460693,0.16046682000160217,-6.295205593109131,7.857812404632568,1.50509512424469
-1.6399080753326416,10.976570129394531,-0.4843054413795471,5.546096324920654,1.264143466949463,-1.206896424293518,0.5975949764251709,-2.560535192489624,4.707333564758301,4.818805694580078,-1.7605926990509033,1.9591002464294434,0.3599490821361542,-6.133064270019531,7.720805644989014,1.5277279615402222
-2.1665608882904053,11.526409149169922,-0.6367150545120239,5.693921089172363,1.4126325845718384,-0.9906720519065857,-0.12566299736499786,-2.1922528743743896,4.953439712524414,4.781069755554199,-1.5061860084533691,2.5789506435394287,-0.28353187441825867,-6.2884745597839355,8.253913879394531,1.4148976802825928
-2.9980275630950928,13.16506290435791,-1.0298129320144653,6.385890960693359,1.9525947570800781,-0.7077318429946899,-1.418063998222351,-1.4936834573745728,5.65077543258667,4.843990802764893,-0.9182970523834229,3.8597090244293213,-1.4004175662994385,-6.878617763519287,9.603548049926758,1.2562048435211182
-3.330556631088257,14.0095853805542,-1.3096638917922974,6.762086391448975,2.1183953285217285,-0.558842658996582,-1.8501815795898438,-1.1991547346115112,6.073427200317383,5.010890007019043,-0.6237324476242065,4.387970447540283,-1.6868181228637695,-7.255030155181885,10.218754768371582,1.3567677736282349
-3.2280609607696533,13.615300178527832,-1.3118140697479248,6.520087718963623,2.0581376552581787,-0.5049999356269836,-1.7252049446105957,-1.0782405138015747,5.944525241851807,4.862371444702148,-0.6068533658981323,4.2946577072143555,-1.5270172357559204,-7.049322605133057,9.80457592010498,1.2345725297927856
-2.7893364429473877,12.450087547302246,-0.9839522242546082,5.904482364654541,1.974961280822754,-0.582180380821228,-1.2464314699172974,-1.1654659509658813,5.393407821655273,4.413803577423096,-0.8899140954017639,3.655133008956909,-1.2134071588516235,-6.402412414550781,8.993603706359863,0.9778660535812378
-2.4019970893859863,11.304561614990234,-0.7156769037246704,5.341587066650391,1.691206693649292,-0.738319993019104,-0.38880226016044617,-1.5732731819152832,4.836794853210449,4.223390579223633,-1.2047957181930542,2.754103660583496,-0.602751612663269,-5.960545063018799,8.192328453063965,0.8888806700706482
-1.9088314771652222,9.907597541809082,-0.4540354907512665,4.510776042938232,1.370218276977539,-0.5818279385566711,-0.09419777244329453,-1.5059025287628174,4.07260274887085,3.740593194961548,-1.2734163999557495,2.135444164276123,-0.22472894191741943,-5.169034004211426,7.053371429443359,0.7386885285377502
-1.68596613407135,8.934762001037598,-0.37039774656295776,3.873675584793091,1.2120883464813232,-0.5819893479347229,-0.14291325211524963,-1.1012786626815796,3.5692124366760254,3.2398293018341064,-1.0998625755310059,2.1010019779205322,-0.24907860159873962,-4.422796726226807,6.279419422149658,0.5486652255058289
-2.4244003295898438,11.054841995239258,-0.7163559198379517,5.046662330627441,1.628395438194275,-0.5767450928688049,-0.997795581817627,-1.0274856090545654,4.694576263427734,3.964029312133789,-0.8721970319747925,3.2043819427490234,-1.0680509805679321,-5.500510215759277,7.9422807693481445,0.8963684439659119
-3.041469097137451,13.159058570861816,-1.235230565071106,6.229698657989502,1.9692715406417847,-0.38235238194465637,-1.5724660158157349,-0.9285504817962646,5.810888767242432,4.709644794464111,-0.5783513784408569,4.283623218536377,-1.5757102966308594,-6.697548866271973,9.467172622680664,1.404327630996704
-3.141314744949341,13.714797973632812,-1.4401705265045166,6.5082316398620605,2.13399338722229,-0.24635446071624756,-1.6365995407104492,-0.9293553233146667,6.2065582275390625,5.067346096038818,-0.49587565660476685,4.624083995819092,-1.6960973739624023,-7.035327911376953,9.693292617797852,1.6694836616516113
-2.9733285903930664,13.113056182861328,-1.2968683242797852,6.017845630645752,2.02838134765625,-0.27431049942970276,-1.5470857620239258,-0.7898125052452087,5.760124206542969,4.692049503326416,-0.6834986805915833,4.346663475036621,-1.5681015253067017,-6.695236682891846,9.222539901733398,1.542238712310791
-2.2650270462036133,10.99195384979248,-0.9152987003326416,4.785335540771484,1.7266203165054321,-0.47532057762145996,-1.0610988140106201,-0.6399601697921753,4.530613899230957,3.7492377758026123,-0.8372849822044373,3.4159600734710693,-1.0678974390029907,-5.468232154846191,7.70656156539917,1.0344163179397583
-1.7061781883239746,9.367365837097168,-0.6502049565315247,3.9322283267974854,1.4085819721221924,-0.6019688248634338,-0.47212034463882446,-0.6224751472473145,3.6068975925445557,3.2190158367156982,-0.9942161440849304,2.744236469268799,-0.5416446924209595,-4.682948112487793,6.5322771072387695,0.7953814268112183
-1.4272533655166626,8.392529487609863,-0.48722177743911743,3.4468915462493896,1.1928921937942505,-0.572054922580719,-0.3491113781929016,-0.6058557629585266,3.110062599182129,2.866738796234131,-1.0279629230499268,2.3824493885040283,-0.42604926228523254,-4.1213202476501465,5.7963433265686035,0.7180317640304565
-2.21433162689209,10.269558906555176,-0.7355580925941467,4.429854869842529,1.375529170036316,-0.49437370896339417,-0.95592200756073,-0.7369265556335449,4.186001300811768,3.6383419036865234,-0.9654173254966736,3.1140809059143066,-1.1357251405715942,-5.056972980499268,7.280596733093262,0.8626681566238403
-3.2792887687683105,13.79379940032959,-1.3885773420333862,6.419266700744629,1.9007304906845093,-0.4140458106994629,-1.9898005723953247,-0.858616828918457,6.2269721031188965,4.881279468536377,-0.6727311611175537,4.730648994445801,-2.309694290161133,-7.0273542404174805,9.981182098388672,1.3484727144241333
-3.324498414993286,14.524676322937012,-1.5499763488769531,6.949066162109375,1.9610003232955933,-0.4211955666542053,-2.1288914680480957,-0.7428388595581055,6.66481351852417,5.102353096008301,-0.5568121075630188,5.0145368576049805,-2.4169833660125732,-7.5193190574646,10.552066802978516,1.4915390014648438
-3.1816494464874268,14.388113021850586,-1.4847972393035889,6.957645893096924,1.8466843366622925,-0.43948209285736084,-2.1989500522613525,-0.6941543817520142,6.529040336608887,4.9034552574157715,-0.46278253197669983,4.8946404457092285,-2.271684408187866,-7.447902202606201,10.465946197509766,1.3604341745376587
-3.0578529834747314,14.12041187286377,-1.4593560695648193,6.877307415008545,1.7888284921646118,-0.41803181171417236,-2.1514718532562256,-0.7030443549156189,6.350343227386475,4.76809024810791,-0.3862670958042145,4.7975921630859375,-2.053049087524414,-7.301417827606201,10.216106414794922,1.307368516921997
-3.1218972206115723,14.23521614074707,-1.525550127029419,6.9477925300598145,1.9111273288726807,-0.4270319938659668,-2.035024642944336,-0.8051040768623352,6.436400890350342,4.974677085876465,-0.3372836709022522,4.825056076049805,-1.9814159870147705,-7.3064799308776855,10.2103271484375,1.4223994016647339
-3.1835427284240723,14.126030921936035,-1.5569281578063965,6.813152313232422,2.043099880218506,-0.30618852376937866,-1.8518379926681519,-0.8672848343849182,6.471593379974365,5.078890323638916,-0.3704126477241516,4.780110836029053,-1.8918648958206177,-7.260805130004883,10.089481353759766,1.524762749671936
-3.0833449363708496,13.767361640930176,-1.4588724374771118,6.543184757232666,2.1061761379241943,-0.31996336579322815,-1.7446012496948242,-0.8756998181343079,6.276274681091309,4.986289024353027,-0.5088428258895874,4.588443279266357,-1.8763482570648193,-7.075538635253906,9.738714218139648,1.5903748273849487
-2.8999643325805664,13.211283683776855,-1.2724509239196777,6.192017078399658,2.006448268890381,-0.45912671089172363,-1.5959911346435547,-0.8889586925506592,5.886282444000244,4.676568508148193,-0.5699689984321594,4.433798313140869,-1.7448532581329346,-6.778931617736816,9.326066970825195,1.5173873901367188
-2.581324338912964,12.142613410949707,-1.0866903066635132,5.582517147064209,1.7554798126220703,-0.4502706527709961,-1.345996618270874,-0.694487988948822,5.280891418457031,4.2364397048950195,-0.6717653870582581,4.015857696533203,-1.6032623052597046,-6.119048595428467,8.681511878967285,1.2867980003356934
-2.4266014099121094,11.671027183532715,-0.8832310438156128,5.33367395401001,1.633787989616394,-0.4356209635734558,-1.223230242729187,-0.617325484752655,5.0079498291015625,4.0492448806762695,-0.8585230708122253,3.7834348678588867,-1.4619412422180176,-5.905928134918213,8.366353988647461,1.0515882968902588
-2.4945855140686035,11.759411811828613,-1.0014270544052124,5.392380237579346,1.7807013988494873,-0.5361709594726562,-1.3850877285003662,-0.6198893189430237,4.995678424835205,4.062339782714844,-0.8779205679893494,3.835739850997925,-1.5289816856384277,-5.908795356750488,8.452476501464844,1.055479645729065
-2.7051258087158203,12.751991271972656,-1.2864035367965698,6.127862930297852,2.083285093307495,-0.6855239272117615,-1.6150362491607666,-0.929465115070343,5.361282825469971,4.427184104919434,-1.0262572765350342,4.140856742858887,-1.5288339853286743,-6.65672492980957,9.141977310180664,1.3422595262527466
-2.7497928142547607,13.514897346496582,-1.5006983280181885,6.731642246246338,2.1711254119873047,-0.7980067133903503,-1.678846836090088,-1.0951182842254639,5.74711275100708,4.829034805297852,-1.0802433490753174,4.294402122497559,-1.581571102142334,-7.078915119171143,9.684733390808105,1.6089857816696167
-2.725203037261963,13.827471733093262,-1.6738834381103516,7.050129413604736,2.2225019931793213,-0.8500193953514099,-1.669144868850708,-1.1598527431488037,6.006526470184326,4.953499794006348,-1.0349429845809937,4.342990398406982,-1.611200213432312,-7.29551362991333,10.094380378723145,1.843529224395752
-2.7180306911468506,13.930730819702148,-1.743590235710144,7.119752407073975,2.0720839500427246,-0.8190662860870361,-1.6413958072662354,-1.175305962562561,6.133347988128662,5.062244892120361,-0.9386547207832336,4.343849182128906,-1.6287825107574463,-7.314631462097168,10.187957763671875,1.920030117034912
-2.702453136444092,13.697534561157227,-1.6849169731140137,6.913948059082031,2.0133631229400635,-0.789422333240509,-1.6178919076919556,-1.145406723022461,6.003249645233154,4.937182426452637,-0.9191727638244629,4.291795253753662,-1.6098365783691406,-7.171950817108154,9.988999366760254,1.8218746185302734
-2.391249418258667,12.866045951843262,-1.5172673463821411,6.419518947601318,1.86884605884552,-0.7559887170791626,-1.4709900617599487,-0.9318783283233643,5.49437141418457,4.524609565734863,-0.945403516292572,3.9925568103790283,-1.3560417890548706,-6.695864200592041,9.236101150512695,1.6289639472961426
-2.170715093612671,12.119488716125488,-1.4041348695755005,5.937808513641357,1.7692707777023315,-0.7590593099594116,-1.292614459991455,-0.8511885404586792,5.029347896575928,4.1885786056518555,-0.9698814749717712,3.7097325325012207,-1.1402379274368286,-6.306656360626221,8.631563186645508,1.5706713199615479
-1.974263072013855,11.238734245300293,-1.185060739517212,5.310407638549805,1.5711262226104736,-0.7605796456336975,-1.085795283317566,-0.7116867899894714,4.6086931228637695,3.8897852897644043,-1.0289976596832275,3.3603529930114746,-0.9586551189422607,-5.755537509918213,7.922466278076172,1.3835506439208984
-1.7850100994110107,10.5530366897583,-0.962400496006012,5.035924434661865,1.588620901107788,-0.7269369959831238,-0.945492684841156,-0.696838915348053,4.236819267272949,3.6568243503570557,-1.0094822645187378,3.1641297340393066,-0.7972018122673035,-5.3743510246276855,7.502767562866211,1.2016061544418335
-1.6094088554382324,9.824234008789062,-0.8462035059928894,4.647186756134033,1.4977531433105469,-0.6709073781967163,-0.7357622981071472,-0.5589417219161987,3.9467310905456543,3.3744850158691406,-1.0232446193695068,2.936253547668457,-0.6063082814216614,-4.967950344085693,6.911179065704346,1.0582786798477173
