-0.4571288228034973,4.634538173675537,-0.030177585780620575,1.3507533073425293,0.8941253423690796,-0.5862237811088562,0.2372564971446991,-0.16467534005641937,1.3356897830963135,1.1192851066589355,-0.7814290523529053,1.0771410465240479,0.04323821887373924,-1.8613920211791992,2.920738458633423,0.16388453543186188
-0.4309527575969696,4.418332576751709,0.042550403624773026,1.2372368574142456,0.869772732257843,-0.5016176700592041,0.22497987747192383,-0.13567468523979187,1.2503083944320679,1.082721471786499,-0.7983171343803406,1.0804319381713867,-0.005158381070941687,-1.7441710233688354,2.7496132850646973,0.11181706935167313
-0.41468772292137146,4.266599178314209,0.07800073176622391,1.231539011001587,0.8379966020584106,-0.5108926892280579,0.19345533847808838,-0.15333545207977295,1.1604501008987427,1.0773122310638428,-0.8567258715629578,1.0651397705078125,0.0026606067549437284,-1.6425660848617554,2.6914758682250977,0.0992744192481041
-0.3617226183414459,4.156962871551514,0.06780250370502472,1.1537505388259888,0.7909553647041321,-0.48254066705703735,0.16883724927902222,-0.09257598221302032,1.167056918144226,1.016819953918457,-0.7990859150886536,0.9777374863624573,0.02361712045967579,-1.59075129032135,2.616008758544922,0.08460508286952972
-0.4087434411048889,4.220516204833984,0.0792163833975792,1.1670187711715698,0.7880953550338745,-0.4729098975658417,0.14670208096504211,-0.03749564290046692,1.1993016004562378,0.9328159689903259,-0.7543423175811768,0.9573265910148621,-0.07657420635223389,-1.6257075071334839,2.615933656692505,0.06186004355549812
-0.4158737063407898,4.251769065856934,0.07409510761499405,1.185516595840454,0.8367633819580078,-0.48436200618743896,0.1165270209312439,-0.12432859092950821,1.1813989877700806,0.9804059267044067,-0.7515589594841003,1.0236061811447144,-0.0787762925028801,-1.5864086151123047,2.6309659481048584,0.03356357291340828
-0.47981247305870056,4.3311991691589355,0.01567085273563862,1.2040303945541382,0.8922899961471558,-0.4382305443286896,0.12202814966440201,-0.12503941357135773,1.2141493558883667,0.9813483953475952,-0.7318699955940247,1.0783530473709106,-0.05852348357439041,-1.6171938180923462,2.7855124473571777,0.03348466008901596
-0.36713340878486633,4.278384208679199,0.04757244512438774,1.227658987045288,0.952351450920105,-0.38593727350234985,0.16613087058067322,-0.12379837036132812,1.1612619161605835,0.9901464581489563,-0.7794358134269714,1.1201626062393188,-0.019245024770498276,-1.588947057723999,2.7550852298736572,0.03675943613052368
-0.5408327579498291,4.720602035522461,-0.00234612706117332,1.3374887704849243,0.9601519703865051,-0.3745836913585663,0.03432926908135414,-0.0704478770494461,1.4565235376358032,1.135934591293335,-0.7855370044708252,1.1402794122695923,-0.17504997551441193,-1.7939646244049072,3.0154190063476562,0.0076550948433578014
-0.47273048758506775,4.745255947113037,-0.00657607801258564,1.375258445739746,1.0110775232315063,-0.3247382342815399,0.08104163408279419,-0.05972769111394882,1.389204502105713,1.0790166854858398,-0.7588714361190796,1.2027015686035156,-0.14568977057933807,-1.8200807571411133,3.00785231590271,0.0031579877249896526
-0.46981415152549744,4.664968490600586,0.007511349394917488,1.3631161451339722,1.018505573272705,-0.2968156635761261,0.1409536451101303,-0.08676790446043015,1.4724218845367432,0.9934279322624207,-0.7393389344215393,1.1176196336746216,-0.13466358184814453,-1.7683870792388916,2.982017993927002,-0.02233319915831089
-0.383879154920578,4.427599906921387,-0.005233672447502613,1.2416088581085205,0.9290066361427307,-0.36047208309173584,0.2449563592672348,-0.07411922514438629,1.3160526752471924,1.0066673755645752,-0.7999003529548645,1.041808843612671,-0.012168986722826958,-1.6594078540802002,2.729825735092163,-0.06505712866783142
-0.4388744533061981,4.551101207733154,-0.05697467923164368,1.3204491138458252,0.9423636794090271,-0.4194208085536957,0.1692916303873062,-0.09401075541973114,1.322224497795105,1.06637704372406,-0.8490333557128906,1.1100832223892212,-0.09561033546924591,-1.7285205125808716,2.8172683715820312,0.037392836064100266
-0.4467494487762451,4.616752624511719,-0.041014108806848526,1.3764042854309082,0.8671236634254456,-0.533707857131958,0.27777034044265747,-0.14517368376255035,1.4983572959899902,1.2495371103286743,-0.9211000800132751,1.1100239753723145,0.028715182095766068,-1.7706071138381958,2.840712308883667,0.11611443758010864
-0.49019622802734375,4.713348865509033,-0.019304517656564713,1.3855754137039185,0.936880350112915,-0.44144970178604126,0.23158293962478638,-0.148746058344841,1.5246949195861816,1.2407262325286865,-0.846071720123291,1.0563056468963623,-0.013817102648317814,-1.8317264318466187,2.8798623085021973,0.09046154469251633
-0.39517906308174133,4.72477912902832,-0.041636161506175995,1.3677067756652832,0.9708347320556641,-0.44017884135246277,0.24085719883441925,-0.16821691393852234,1.4406527280807495,1.2741601467132568,-0.8934540748596191,1.0623260736465454,0.045936375856399536,-1.879357099533081,2.8348443508148193,0.02280258573591709
-0.329204797744751,4.732484817504883,-0.09591828286647797,1.375724196434021,0.9599328637123108,-0.43575581908226013,0.3404952585697174,-0.19627326726913452,1.43935227394104,1.3124512434005737,-0.9385851621627808,1.0851479768753052,0.1201387569308281,-1.8556122779846191,2.8338489532470703,0.0357111357152462
-0.44268009066581726,4.982354164123535,-0.14759176969528198,1.5623815059661865,0.9591577649116516,-0.49354812502861023,0.37025880813598633,-0.27228912711143494,1.5849806070327759,1.3647714853286743,-0.9395774602890015,1.1408735513687134,0.09160016477108002,-2.006927251815796,3.0474929809570312,0.18375429511070251
-0.44161859154701233,4.786775588989258,-0.06665360182523727,1.4401848316192627,0.9207546710968018,-0.4890325963497162,0.3250793516635895,-0.2217904031276703,1.496006965637207,1.2905364036560059,-0.9752068519592285,1.0551732778549194,0.07502084970474243,-1.906097650527954,2.959838390350342,0.18448187410831451
-0.4643235206604004,4.785261154174805,-0.07383079826831818,1.4589389562606812,0.9277199506759644,-0.45947885513305664,0.25724536180496216,-0.2092570811510086,1.446428894996643,1.2090165615081787,-0.9185836315155029,1.0986168384552002,0.07089146226644516,-1.8949946165084839,3.0192806720733643,0.21368557214736938
-0.4755566418170929,4.886560916900635,-0.13067840039730072,1.5342772006988525,0.9256022572517395,-0.39625197649002075,0.24279473721981049,-0.19624367356300354,1.4103622436523438,1.3003352880477905,-0.9244866967201233,1.1333845853805542,0.16465751826763153,-1.9996333122253418,3.0698516368865967,0.17057591676712036
-0.5557936429977417,5.1435866355896,-0.12710726261138916,1.703403115272522,0.9988799095153809,-0.4255756735801697,0.18159104883670807,-0.21440286934375763,1.5162633657455444,1.3258068561553955,-0.8751343488693237,1.199062705039978,0.07752910256385803,-2.1407220363616943,3.2588624954223633,0.2317604422569275
-0.5569625496864319,5.213995933532715,-0.0929478108882904,1.7019776105880737,1.0330917835235596,-0.412620484828949,0.22066205739974976,-0.2585445046424866,1.542253017425537,1.3830705881118774,-0.8673450350761414,1.178900957107544,0.11469762027263641,-2.180248260498047,3.3226633071899414,0.2674162685871124
-0.5454810857772827,5.106357574462891,-0.17039403319358826,1.6055545806884766,0.9665799140930176,-0.4139775037765503,0.21294203400611877,-0.2364644706249237,1.4939653873443604,1.3156144618988037,-0.8799157738685608,1.1717654466629028,0.17792142927646637,-2.1126554012298584,3.213336706161499,0.25345322489738464
-0.5065257549285889,4.997262001037598,-0.17689770460128784,1.562087059020996,0.9349132776260376,-0.5591355562210083,0.19346491992473602,-0.22929708659648895,1.4664851427078247,1.2756078243255615,-0.8837855458259583,1.1556304693222046,0.12877793610095978,-2.0803120136260986,3.1157443523406982,0.24076025187969208
-0.5614566802978516,4.940650463104248,-0.07970451563596725,1.60128653049469,0.9071241617202759,-0.5692601799964905,0.16348636150360107,-0.20796442031860352,1.48751962184906,1.258940577507019,-0.8597556352615356,1.1338553428649902,0.10038156062364578,-2.0676989555358887,3.099092960357666,0.2544475495815277
-0.4481593668460846,4.778472423553467,-0.05633535981178284,1.5245460271835327,0.8911663293838501,-0.43978771567344666,0.2534654438495636,-0.17026449739933014,1.3723434209823608,1.269164800643921,-0.892124354839325,1.1062159538269043,0.1128869578242302,-1.9544334411621094,2.9001660346984863,0.20178773999214172
-0.48874524235725403,4.710142135620117,-0.03655729442834854,1.5010477304458618,0.867743968963623,-0.36194169521331787,0.28324663639068604,-0.23235642910003662,1.3671172857284546,1.210890769958496,-0.9100338220596313,1.114091396331787,0.13330325484275818,-1.8837816715240479,2.9406816959381104,0.17689087986946106
-0.37952765822410583,4.336765766143799,-0.024489201605319977,1.2652071714401245,0.8387020230293274,-0.41956716775894165,0.26868027448654175,-0.1210707426071167,1.2337536811828613,1.0993870496749878,-0.7974298596382141,0.993503212928772,0.11003058403730392,-1.6351840496063232,2.6898584365844727,0.019319802522659302
-0.47456005215644836,4.528413772583008,-0.023253995925188065,1.3721413612365723,0.8931067585945129,-0.4455745220184326,0.1968252807855606,-0.07653365284204483,1.212944746017456,1.1065316200256348,-0.8028438687324524,1.0262681245803833,0.007259978447109461,-1.7731664180755615,2.8209288120269775,0.09824977815151215
-0.440469890832901,4.56519889831543,0.003482320811599493,1.4268332719802856,0.8967373371124268,-0.4697147309780121,0.18578936159610748,-0.11203018575906754,1.3846744298934937,1.207733154296875,-0.8140813708305359,1.0900925397872925,0.07449392229318619,-1.7783275842666626,2.9193692207336426,0.15486706793308258
-0.4114353358745575,4.268596172332764,0.041184473782777786,1.3199049234390259,0.8004223704338074,-0.4692952036857605,0.21296706795692444,-0.16945329308509827,1.2258379459381104,1.1001965999603271,-0.8310091495513916,1.0760067701339722,0.12251510471105576,-1.579261302947998,2.800762414932251,0.08599331974983215
-0.41045981645584106,4.647128582000732,-0.030490130186080933,1.4243173599243164,0.9521322846412659,-0.4820788502693176,0.2810935080051422,-0.1797783374786377,1.3976191282272339,1.313597321510315,-0.8820866942405701,1.1354820728302002,0.04311063513159752,-1.8136956691741943,2.969606399536133,0.06938619911670685
-0.5764697194099426,4.895484924316406,-0.0319686084985733,1.5378714799880981,1.0132298469543457,-0.4126160740852356,0.09814058989286423,-0.17830732464790344,1.5281001329421997,1.2778304815292358,-0.8538985252380371,1.2631210088729858,-0.11487435549497604,-1.8931101560592651,3.1535634994506836,0.04783685877919197
-0.8052610158920288,5.385206699371338,-0.027977513149380684,1.7330851554870605,1.0543532371520996,-0.39518028497695923,-0.032708875834941864,-0.1432947814464569,1.7482717037200928,1.5201002359390259,-0.80437171459198,1.408259630203247,-0.204342782497406,-2.137885093688965,3.5493602752685547,0.14707176387310028
-1.652357816696167,7.596541881561279,-0.2688991129398346,2.9258530139923096,1.4047081470489502,-0.4355199635028839,-0.7587552070617676,-0.28169605135917664,2.7921361923217773,2.4929635524749756,-0.9042444825172424,2.249876022338867,-0.7358764410018921,-3.298208713531494,5.097100257873535,0.40076693892478943
-2.251201629638672,9.220601081848145,-0.6387757658958435,3.846557855606079,1.641405701637268,-0.37237149477005005,-1.492851972579956,-0.3767821490764618,3.646531105041504,3.0644936561584473,-0.9173334836959839,2.824023723602295,-1.1906867027282715,-4.182324409484863,6.359930038452148,0.5311264991760254
-2.2892229557037354,9.695143699645996,-0.7792280316352844,4.10985803604126,1.6882184743881226,-0.34720051288604736,-1.6751073598861694,-0.482663094997406,3.9254448413848877,3.2182552814483643,-0.9396639466285706,3.03088641166687,-1.272986888885498,-4.436649799346924,6.623729705810547,0.5634232759475708
-2.4753994941711426,10.894277572631836,-1.0382226705551147,4.993691444396973,1.7211132049560547,-0.4946564733982086,-1.5598042011260986,-0.7631350159645081,4.652249336242676,3.8763835430145264,-0.9631305932998657,3.3271708488464355,-1.074148178100586,-5.257338047027588,7.525579929351807,0.894446849822998
-2.5568134784698486,11.794149398803711,-1.1289218664169312,5.87871789932251,1.8176205158233643,-0.49932941794395447,-1.4320980310440063,-1.081377625465393,5.199925899505615,4.330530643463135,-0.9794778227806091,3.611353874206543,-0.7042128443717957,-6.006777763366699,8.310197830200195,1.363420844078064
-2.5162172317504883,11.75410270690918,-1.0330108404159546,5.979447364807129,1.833268404006958,-0.47620847821235657,-1.342288613319397,-1.1204564571380615,5.200695514678955,4.3572998046875,-1.0160309076309204,3.5738778114318848,-0.5978028774261475,-5.979723930358887,8.25178337097168,1.5139349699020386
-2.356217861175537,11.0600004196167,-0.9752114415168762,5.447819709777832,1.7761707305908203,-0.5303095579147339,-1.3383711576461792,-0.9391186833381653,4.844161033630371,4.030727386474609,-0.965406596660614,3.3324992656707764,-0.6466189622879028,-5.58283805847168,7.696104049682617,1.3195565938949585
-2.0991621017456055,9.782188415527344,-0.7739458680152893,4.56264066696167,1.7323806285858154,-0.4002123475074768,-1.1930276155471802,-0.6375275254249573,4.141796112060547,3.3735527992248535,-0.9724451899528503,3.021918773651123,-0.6507521867752075,-4.800130367279053,6.789886474609375,1.0077271461486816
-2.2000350952148438,9.932976722717285,-0.7658944129943848,4.569046974182129,1.769102692604065,-0.30812644958496094,-1.321771264076233,-0.6468290686607361,4.2917046546936035,3.557978391647339,-0.9168297052383423,3.1054768562316895,-0.8104314804077148,-4.781641006469727,6.856449127197266,0.8498802781105042
-2.389024019241333,10.31451416015625,-0.7739512324333191,4.93454122543335,1.7772794961929321,-0.35176604986190796,-1.2940295934677124,-0.8607140779495239,4.517538070678711,3.75285267829895,-0.9280887842178345,3.196974754333496,-0.7351039052009583,-5.017452239990234,7.196281909942627,0.9871194362640381
-2.324509859085083,10.249748229980469,-0.7601802945137024,5.0137834548950195,1.7527276277542114,-0.3133009374141693,-1.1864985227584839,-0.9268730282783508,4.482592582702637,3.686335563659668,-0.9628797173500061,3.086073160171509,-0.560405433177948,-5.166561126708984,7.182283878326416,1.0554455518722534
-2.2578277587890625,10.389585494995117,-0.8343592882156372,5.125607013702393,1.8105812072753906,-0.32918137311935425,-1.1865479946136475,-0.9685035943984985,4.56008243560791,3.7150466442108154,-0.9812578558921814,3.085218906402588,-0.5589141845703125,-5.25465726852417,7.269793510437012,1.1658552885055542
-2.1321914196014404,9.866053581237793,-0.7429556250572205,4.688344955444336,1.749228596687317,-0.3170830011367798,-1.1338918209075928,-0.7917793989181519,4.237675189971924,3.476795196533203,-1.0346637964248657,2.9104931354522705,-0.6412701606750488,-4.822180271148682,6.773410797119141,1.0113049745559692
-1.4677671194076538,7.934839725494385,-0.43685442209243774,3.4425714015960693,1.4896541833877563,-0.39603516459465027,-0.5803489685058594,-0.5424184799194336,3.129774808883667,2.678708076477051,-1.0488249063491821,2.253469705581665,-0.32512328028678894,-3.6795427799224854,5.317975044250488,0.6870900392532349
-1.0367846488952637,6.572144508361816,-0.2724536955356598,2.695650339126587,1.280983805656433,-0.4588245451450348,-0.2761284410953522,-0.34915873408317566,2.4368038177490234,2.063227891921997,-0.9854313135147095,1.7644788026809692,-0.05626813322305679,-2.913236141204834,4.368193626403809,0.5222329497337341
-1.169360637664795,7.3941969871521,-0.2711990773677826,3.135754108428955,1.4376587867736816,-0.6303377747535706,-0.24741564691066742,-0.5376365780830383,2.7970409393310547,2.5641798973083496,-1.0765275955200195,2.0092337131500244,-0.25439611077308655,-3.4670794010162354,4.897697448730469,0.6522807478904724
-2.011392116546631,9.105927467346191,-0.40862753987312317,4.063755989074707,1.6379201412200928,-0.5397999882698059,-0.9753127098083496,-0.582181990146637,3.6710948944091797,3.1185624599456787,-0.973738431930542,2.7100512981414795,-0.8327029347419739,-4.383374214172363,6.395455837249756,0.7293496131896973
-2.03840708732605,8.860523223876953,-0.36771664023399353,3.650869131088257,1.6734964847564697,-0.5218029022216797,-1.1543676853179932,-0.44780951738357544,3.541074275970459,2.8941872119903564,-0.831100583076477,2.810231924057007,-1.0517364740371704,-4.1245622634887695,6.270183563232422,0.5317273139953613
-2.075047016143799,8.734417915344238,-0.3959420919418335,3.4146389961242676,1.6716334819793701,-0.4311526417732239,-1.2451497316360474,-0.3383806049823761,3.501849412918091,2.8246302604675293,-0.7525954842567444,2.7963573932647705,-1.1977159976959229,-3.9416370391845703,6.064113616943359,0.3418959379196167
-1.8455361127853394,8.17084789276123,-0.3164355754852295,3.121079921722412,1.58621346950531,-0.44159162044525146,-1.1182925701141357,-0.3171353042125702,3.198216676712036,2.550402879714966,-0.7332253456115723,2.5963010787963867,-1.1167137622833252,-3.5927281379699707,5.613376617431641,0.24286656081676483
-1.245764136314392,6.49307918548584,-0.11497128754854202,2.294970989227295,1.268933892250061,-0.46173542737960815,-0.49317634105682373,-0.27082428336143494,2.21882700920105,1.9262961149215698,-0.8086985349655151,1.8295332193374634,-0.5184805989265442,-2.7462780475616455,4.364327430725098,0.17561021447181702
-1.0293582677841187,5.945659637451172,0.01569296605885029,2.0159285068511963,1.028955340385437,-0.546646237373352,0.05323580652475357,-0.5060893893241882,1.9436832666397095,1.8330262899398804,-1.012354850769043,1.3418760299682617,-0.10809052735567093,-2.630986213684082,4.070196151733398,0.20645909011363983
-0.8711524605751038,6.013144493103027,0.10461509227752686,2.228224754333496,0.9420862197875977,-0.7323917150497437,0.3907807469367981,-0.9806055426597595,2.1448333263397217,2.1293416023254395,-1.1629616022109985,1.1105608940124512,0.2548392713069916,-2.8556292057037354,4.229517936706543,0.29276928305625916
-0.9166721105575562,6.030699253082275,0.12468355894088745,2.2317962646484375,0.8667327761650085,-0.7367246747016907,0.45422038435935974,-1.1283199787139893,2.2165372371673584,2.2070438861846924,-1.2366656064987183,1.0267442464828491,0.32832181453704834,-2.917879581451416,4.248806476593018,0.266983300447464
-1.0659323930740356,6.735308647155762,-0.0158949363976717,2.696890354156494,1.0749603509902954,-0.6836486458778381,0.2481585443019867,-1.0918883085250854,2.5686042308807373,2.4400525093078613,-1.1472901105880737,1.4194484949111938,0.10529034584760666,-3.233839988708496,4.834307670593262,0.48394569754600525
-1.6289952993392944,8.729844093322754,-0.5189240574836731,3.8116605281829834,1.5394517183303833,-0.5219305753707886,-0.6703521609306335,-0.6933923959732056,3.364886522293091,2.9566774368286133,-0.9237855076789856,2.490968704223633,-0.6691634058952332,-4.14217472076416,6.240659713745117,0.7018813490867615
-1.5786216259002686,8.850422859191895,-0.5550207495689392,3.9497792720794678,1.5857056379318237,-0.5140634775161743,-0.786128580570221,-0.5706576108932495,3.3114683628082275,2.8869926929473877,-0.8637440204620361,2.651914119720459,-0.7678987383842468,-4.146430015563965,6.38805627822876,0.7215461134910583
-1.033462643623352,6.445245265960693,-0.1596740335226059,2.531721353530884,1.1538846492767334,-0.4358329176902771,-0.3654322922229767,-0.23010048270225525,2.163806200027466,1.9389123916625977,-0.852765679359436,1.895592212677002,-0.4418838918209076,-2.770479917526245,4.587342262268066,0.3213132619857788
-0.6698075532913208,5.245748519897461,-0.042583320289850235,1.8383389711380005,0.9894499182701111,-0.4954095780849457,-0.10512787848711014,-0.15807756781578064,1.5787643194198608,1.3868277072906494,-0.7776170969009399,1.4615724086761475,-0.15520043671131134,-2.1615421772003174,3.6155731678009033,0.184971421957016
-0.5567090511322021,4.856778144836426,-0.01281703170388937,1.4760465621948242,0.9224830865859985,-0.46470800042152405,0.06225656345486641,-0.16441333293914795,1.4312077760696411,1.2158170938491821,-0.7686976790428162,1.1685341596603394,-0.08765062689781189,-1.8595750331878662,3.1419737339019775,0.08320549875497818
-0.613282322883606,5.154914855957031,-0.0080815888941288,1.6291859149932861,0.9510195255279541,-0.4316987097263336,0.2398964911699295,-0.43172332644462585,1.5331312417984009,1.420578122138977,-0.8962548971176147,1.1375833749771118,-0.03324846550822258,-2.1334140300750732,3.360475778579712,0.13350334763526917
-0.5859319567680359,5.121238708496094,0.050818923860788345,1.6416078805923462,0.9113399386405945,-0.4526633620262146,0.5009126663208008,-0.6420197486877441,1.6045854091644287,1.5499032735824585,-1.0209407806396484,0.981334388256073,0.11532681435346603,-2.1953909397125244,3.430103063583374,0.17779433727264404
-0.5290961861610413,4.948788166046143,0.0412166565656662,1.5796196460723877,0.8285437226295471,-0.5194709897041321,0.5068464279174805,-0.563198447227478,1.530893325805664,1.5133455991744995,-0.9907230138778687,0.9515712261199951,0.1625768542289734,-2.113534927368164,3.2439918518066406,0.19814421236515045
-0.7115819454193115,5.9670915603637695,-0.03623315319418907,2.318948984146118,0.9863575100898743,-0.6086488366127014,0.41209426522254944,-0.7611629962921143,2.035097360610962,1.9521074295043945,-1.1002476215362549,1.2828969955444336,0.10352721810340881,-2.7431788444519043,4.020759582519531,0.4156222641468048
-1.3867897987365723,8.132959365844727,-0.5583906769752502,3.588895797729492,1.4191889762878418,-0.5059005618095398,-0.5705936551094055,-0.7353008985519409,3.1629061698913574,2.7020437717437744,-1.027644395828247,2.252521276473999,-0.5577852725982666,-3.688762903213501,5.698800563812256,0.5952368378639221
-1.8386142253875732,9.928192138671875,-0.9167007803916931,4.645711421966553,1.6769579648971558,-0.4687027037143707,-1.1185190677642822,-0.8014825582504272,4.102086067199707,3.307051420211792,-1.1260986328125,2.973083972930908,-0.9392279386520386,-4.718896389007568,7.016715049743652,0.8456640839576721
-1.8052139282226562,9.474410057067871,-0.7925604581832886,4.257610321044922,1.6994320154190063,-0.5207298398017883,-1.1679233312606812,-0.658656656742096,3.8747260570526123,3.0624852180480957,-1.075141429901123,2.922187566757202,-1.0139565467834473,-4.383642196655273,6.723568916320801,0.7104383111000061
-1.720373511314392,8.685694694519043,-0.6057735085487366,3.705059051513672,1.5752487182617188,-0.4256247580051422,-1.154419183731079,-0.5295454859733582,3.4822301864624023,2.673379898071289,-1.0673081874847412,2.6970839500427246,-1.0346107482910156,-3.882415533065796,6.118618011474609,0.47748103737831116
-1.8558743000030518,9.30488395690918,-0.6209949851036072,4.163487434387207,1.715259075164795,-0.5181813836097717,-1.2016470432281494,-0.7233477830886841,3.8129756450653076,2.9824695587158203,-1.0979324579238892,2.8563790321350098,-0.9716991186141968,-4.292968273162842,6.633782863616943,0.7186807990074158
-1.8525724411010742,9.500210762023926,-0.5568263530731201,4.33478307723999,1.679497241973877,-0.5744448900222778,-1.1645309925079346,-0.6803048849105835,3.817774772644043,3.1486623287200928,-1.1163674592971802,2.8806991577148438,-0.9352198243141174,-4.48911190032959,6.721014976501465,0.8505001068115234
-1.4166467189788818,7.830503940582275,-0.3259204626083374,3.298154830932617,1.4487115144729614,-0.6167460083961487,-0.7847091555595398,-0.4013470709323883,2.961472511291504,2.4696266651153564,-0.9610480070114136,2.446962594985962,-0.7241480350494385,-3.5914993286132812,5.45987606048584,0.5484127402305603
-1.0218584537506104,6.170434474945068,-0.05517742782831192,2.3424670696258545,1.1846979856491089,-0.5671740174293518,-0.4069834053516388,-0.20534801483154297,2.0794007778167725,1.7737053632736206,-0.8468829989433289,1.83285653591156,-0.4229675531387329,-2.6181933879852295,4.305127143859863,0.28423622250556946
-0.8097285032272339,5.705511093139648,-0.003610918065533042,2.053297281265259,1.1184864044189453,-0.5076457858085632,-0.11730578541755676,-0.20657601952552795,1.785802960395813,1.6463080644607544,-0.8796936273574829,1.5029618740081787,-0.2650330364704132,-2.3952553272247314,3.8274035453796387,0.3033669888973236
-0.7805962562561035,5.969738960266113,0.06295279413461685,2.2793776988983154,1.0276870727539062,-0.6453962326049805,0.3416767716407776,-0.7714548110961914,1.968063473701477,2.066112995147705,-1.1178175210952759,1.288390874862671,0.013382046483457088,-2.6916656494140625,4.03598690032959,0.41288575530052185
-0.8880673050880432,6.745278835296631,0.1508508324623108,2.765564203262329,1.002642035484314,-0.8613486289978027,0.8345819115638733,-1.4721484184265137,2.5550496578216553,2.7417726516723633,-1.4035911560058594,1.055835485458374,0.3170207142829895,-3.4232497215270996,4.645418643951416,0.6456707715988159
-0.8268278241157532,6.232124328613281,0.12165934592485428,2.4689724445343018,1.0224281549453735,-0.6453723311424255,0.6451548933982849,-1.1539455652236938,2.3349668979644775,2.343604326248169,-1.2213776111602783,1.1450879573822021,0.2418719381093979,-2.990767478942871,4.231215476989746,0.6607375144958496
-1.0791406631469727,6.122005939483643,0.010531958192586899,2.1493263244628906,1.1172678470611572,-0.5392869114875793,0.07206524908542633,-0.6500400304794312,2.152096748352051,2.1042070388793945,-1.008065104484558,1.444079875946045,-0.3192400336265564,-2.6708199977874756,4.179121971130371,0.31955578923225403
-1.7909574508666992,7.879601955413818,-0.25568804144859314,2.92393159866333,1.4070301055908203,-0.5031231045722961,-0.9129714369773865,-0.4733257591724396,3.0578055381774902,2.654649496078491,-0.7998201847076416,2.436011791229248,-0.9648358225822449,-3.4332711696624756,5.398879051208496,0.24479049444198608
-1.72817063331604,8.11323356628418,-0.25109776854515076,3.2792069911956787,1.4454748630523682,-0.495423823595047,-0.7084011435508728,-0.5310301780700684,3.141605854034424,2.7273287773132324,-0.9034749865531921,2.4498705863952637,-0.6980064511299133,-3.6569666862487793,5.482044219970703,0.42789244651794434
-1.45765221118927,7.201582908630371,-0.14443038403987885,2.942115068435669,1.2855406999588013,-0.44123679399490356,-0.4697625935077667,-0.42755037546157837,2.7742154598236084,2.387906551361084,-0.8937597274780273,2.0972275733947754,-0.3803751468658447,-3.170145273208618,4.918783187866211,0.4166111946105957
-1.6796098947525024,7.865525722503662,-0.23700430989265442,3.384235143661499,1.4325182437896729,-0.4279825985431671,-0.6852266788482666,-0.5201895236968994,3.1455435752868652,2.596945285797119,-0.8732303380966187,2.3516416549682617,-0.4648265242576599,-3.563664197921753,5.455845355987549,0.5545119047164917
-1.702015995979309,7.8836140632629395,-0.2880991995334625,3.2162716388702393,1.5119011402130127,-0.4600745439529419,-0.7309243679046631,-0.5507349967956543,3.047233819961548,2.522897243499756,-0.8641499876976013,2.4470009803771973,-0.6331415176391602,-3.505486488342285,5.51151180267334,0.46229180693626404
-1.4117950201034546,6.985515117645264,-0.14262233674526215,2.6098403930664062,1.3952404260635376,-0.4060654640197754,-0.6065425872802734,-0.3625166714191437,2.538255214691162,2.1023502349853516,-0.8291968107223511,2.148480176925659,-0.5758724212646484,-3.0192129611968994,4.83358097076416,0.2604977488517761
-1.4047807455062866,7.123783588409424,-0.21065887808799744,2.6426291465759277,1.3885401487350464,-0.4815616011619568,-0.6526140570640564,-0.340378075838089,2.65164852142334,2.091181755065918,-0.7044556736946106,2.2069687843322754,-0.72802734375,-3.0621399879455566,4.954467296600342,0.19857284426689148
-1.3562325239181519,7.358973026275635,-0.28122299909591675,2.8481009006500244,1.3834779262542725,-0.5688065886497498,-0.6557409167289734,-0.3538012206554413,2.7474634647369385,2.1628971099853516,-0.6999419927597046,2.258056402206421,-0.6644002199172974,-3.2261483669281006,5.132262229919434,0.34310033917427063
-1.3460068702697754,7.408677101135254,-0.26240211725234985,2.914400815963745,1.3894206285476685,-0.5967525839805603,-0.6128367781639099,-0.3094753623008728,2.611372470855713,2.226101875305176,-0.7151347398757935,2.2534213066101074,-0.5597692131996155,-3.2810325622558594,5.056109428405762,0.48746952414512634
-1.1021826267242432,6.307378768920898,-0.14342211186885834,2.325671911239624,1.2184104919433594,-0.5484139323234558,-0.30154576897621155,-0.2012331485748291,2.100612163543701,1.8115932941436768,-0.7506641149520874,1.88932466506958,-0.3546394407749176,-2.6775588989257812,4.187195777893066,0.38512474298477173
-0.653328001499176,5.108195781707764,-0.021512117236852646,1.603289246559143,1.0842140913009644,-0.5143527388572693,0.007529982831329107,-0.09938367456197739,1.5632967948913574,1.3341304063796997,-0.7658578157424927,1.3377797603607178,-0.22852516174316406,-2.0223703384399414,3.2808947563171387,0.17252123355865479
-0.5991060137748718,4.860822677612305,-0.060700803995132446,1.4159002304077148,1.006450891494751,-0.390654057264328,0.033263206481933594,-0.07286523282527924,1.446051836013794,1.1405304670333862,-0.7501540780067444,1.18695068359375,-0.1841709017753601,-1.8961666822433472,3.125393867492676,0.033901363611221313
-0.5640389323234558,5.265279293060303,-0.07113290578126907,1.7719743251800537,1.0633472204208374,-0.5085456967353821,0.20222359895706177,-0.27094367146492004,1.6194311380386353,1.4863914251327515,-0.8749656081199646,1.299953818321228,-0.033047325909137726,-2.1395490169525146,3.215707778930664,0.12690968811511993
-0.5730286240577698,5.2409749031066895,-0.04563003405928612,1.738383412361145,0.9952173829078674,-0.5871833562850952,0.29997718334198,-0.3296232223510742,1.6867594718933105,1.5086792707443237,-0.927692711353302,1.1981302499771118,0.11364282667636871,-2.205794095993042,3.3236196041107178,0.17776186764240265
-0.5413484573364258,4.944228649139404,-0.008885118179023266,1.534691572189331,0.9485348463058472,-0.5337083339691162,0.2043752521276474,-0.23581774532794952,1.4777215719223022,1.2766083478927612,-0.9209092855453491,1.1144332885742188,0.0003914735862053931,-2.0097270011901855,3.0752475261688232,0.017805516719818115
-0.519404947757721,4.743241786956787,0.007799367420375347,1.367379069328308,0.9643836617469788,-0.4116117060184479,0.15379944443702698,-0.1185033842921257,1.4070888757705688,1.1370697021484375,-0.8018236756324768,1.112959623336792,-0.12181167304515839,-1.8805630207061768,2.9609315395355225,-0.023674461990594864
-0.4139212667942047,4.4326653480529785,0.05051717907190323,1.2214106321334839,0.8694490790367126,-0.4425891935825348,0.21281832456588745,-0.1157270073890686,1.2445058822631836,1.0123398303985596,-0.7414079904556274,0.9971779584884644,-0.025574179366230965,-1.718790054321289,2.725360631942749,0.012953469529747963
-0.42911145091056824,4.4857025146484375,0.0034019220620393753,1.2619823217391968,0.8670922517776489,-0.5039035677909851,0.2502748966217041,-0.20190662145614624,1.309977650642395,1.0723133087158203,-0.7958895564079285,1.0513938665390015,-0.033113569021224976,-1.7411996126174927,2.7746665477752686,0.03835855424404144
-0.3857826590538025,4.426994323730469,0.014366263523697853,1.2758359909057617,0.9037807583808899,-0.4983457624912262,0.2626003324985504,-0.1862783133983612,1.285762906074524,1.1432969570159912,-0.8034233450889587,1.0446817874908447,0.023014482110738754,-1.707834243774414,2.8056187629699707,0.06189029663801193
-0.4980941116809845,4.608021259307861,0.04441838338971138,1.3543213605880737,0.9760957956314087,-0.3929974138736725,0.1711825579404831,-0.0982823520898819,1.36141836643219,1.1086634397506714,-0.7566532492637634,1.1299997568130493,-0.1858620047569275,-1.775146245956421,2.916236400604248,0.0740145742893219
-0.47251105308532715,4.5341620445251465,0.021132055670022964,1.3229284286499023,0.8879936337471008,-0.36167454719543457,0.14000533521175385,-0.054050225764513016,1.306962013244629,1.0923312902450562,-0.7570673823356628,1.0951741933822632,-0.059216927736997604,-1.7473540306091309,2.8470447063446045,0.015669992193579674
-0.44924601912498474,4.509105682373047,0.04922618716955185,1.3329931497573853,0.9261977076530457,-0.3739798069000244,0.2099023461341858,-0.09243382513523102,1.2785077095031738,1.0573393106460571,-0.7875701785087585,1.0241907835006714,-0.08313245326280594,-1.7197327613830566,2.811149835586548,0.03252282738685608
-0.5194346904754639,4.867531776428223,0.01748013310134411,1.5293256044387817,1.0324041843414307,-0.387100487947464,0.21718797087669373,-0.1375301480293274,1.5398331880569458,1.1614397764205933,-0.7198237180709839,1.1005439758300781,-0.13103361427783966,-1.9350311756134033,3.104304075241089,0.11730058491230011
-0.5384972095489502,4.984514236450195,-0.023868534713983536,1.574759840965271,1.0016224384307861,-0.4313701093196869,0.24797137081623077,-0.22332452237606049,1.515542984008789,1.276716709136963,-0.8868215680122375,1.1309305429458618,-0.04155562445521355,-2.0257980823516846,3.1968839168548584,0.13318777084350586
-0.39619481563568115,4.578882694244385,-0.020427022129297256,1.3190076351165771,0.962568998336792,-0.386048287153244,0.2607130706310272,-0.1722693294286728,1.321651816368103,1.1403182744979858,-0.8807883262634277,1.0311771631240845,0.018603600561618805,-1.7621933221817017,2.928925037384033,0.10157843679189682
-0.40755683183670044,4.449705123901367,-0.028973298147320747,1.2933964729309082,0.9102098941802979,-0.3992132544517517,0.2177983969449997,-0.2008540779352188,1.2593936920166016,1.0976353883743286,-0.8869975805282593,1.0200592279434204,0.10427874326705933,-1.6871626377105713,2.9092304706573486,0.06714262813329697
-0.36458197236061096,4.331331729888916,0.00038850365672260523,1.2839747667312622,0.8988901972770691,-0.401980459690094,0.1830740123987198,-0.12451620399951935,1.2276184558868408,1.0731651782989502,-0.8255416750907898,1.0492242574691772,0.11980222910642624,-1.6362086534500122,2.8343236446380615,0.0009833984076976776
-0.5264197587966919,4.587155818939209,0.02148335613310337,1.4316269159317017,0.8544343113899231,-0.4106547236442566,0.19068758189678192,-0.19899030029773712,1.4230670928955078,1.1823216676712036,-0.8276627659797668,1.027859091758728,0.08558287471532822,-1.7542104721069336,2.926738739013672,0.03901812061667442
-0.4705882966518402,4.7143120765686035,0.061421994119882584,1.516301155090332,0.894202709197998,-0.45034515857696533,0.3362283706665039,-0.2923019230365753,1.5133132934570312,1.3074666261672974,-0.8804486989974976,0.992238461971283,0.09781904518604279,-1.884291172027588,2.9760401248931885,0.07573237270116806
-0.47391682863235474,4.633416175842285,0.015525924041867256,1.447831153869629,0.8889831900596619,-0.5149309039115906,0.31510257720947266,-0.25822213292121887,1.4034976959228516,1.2146731615066528,-0.9045241475105286,1.021769642829895,0.062307387590408325,-1.8693183660507202,2.93772029876709,0.055862076580524445
-0.42748552560806274,4.547121524810791,0.0009876026306301355,1.276673436164856,0.9096921682357788,-0.4759644865989685,0.1914718747138977,-0.0791044682264328,1.3389092683792114,1.12869131565094,-0.8180681467056274,1.0020740032196045,-0.054843269288539886,-1.7651561498641968,2.80391526222229,-0.0026955041103065014
-0.4868217706680298,4.501497745513916,0.048480160534381866,1.3069146871566772,0.8803037405014038,-0.4717838764190674,0.16806864738464355,-0.09730599075555801,1.3280164003372192,1.0497851371765137,-0.7886870503425598,1.0600996017456055,-0.0645083636045456,-1.7162070274353027,2.8522489070892334,0.023422183468937874
-0.38073718547821045,4.379968166351318,0.07114826142787933,1.2328819036483765,0.8836526274681091,-0.4366605579853058,0.1860308200120926,-0.07308477908372879,1.287131667137146,1.1328006982803345,-0.7762674689292908,1.0685914754867554,0.05797936022281647,-1.649733304977417,2.8335201740264893,0.05809381604194641
-0.46219831705093384,4.482062339782715,-0.0009371350170113146,1.3179365396499634,0.8592815399169922,-0.4842633903026581,0.17492641508579254,-0.12263818085193634,1.2558252811431885,1.1198188066482544,-0.8256783485412598,1.0717004537582397,0.01609627902507782,-1.746606707572937,2.7887120246887207,-0.03232862055301666
-0.3671689033508301,4.407944202423096,0.04172805696725845,1.2957403659820557,0.9466146230697632,-0.3938026428222656,0.16292959451675415,-0.14486514031887054,1.2241119146347046,1.043845772743225,-0.7817753553390503,1.021606206893921,0.04873509705066681,-1.7107927799224854,2.8602659702301025,-0.0467691533267498
-0.5209407806396484,4.896345615386963,0.06526357680559158,1.5048930644989014,0.894226610660553,-0.5103664994239807,0.38624387979507446,-0.4675036370754242,1.4951648712158203,1.4251457452774048,-1.0026922225952148,0.9326801300048828,0.17372168600559235,-2.067380428314209,3.2256064414978027,0.07449986785650253
-0.5876373648643494,5.567899703979492,0.10571423172950745,2.003371477127075,0.8872340321540833,-0.7190336585044861,0.6848305463790894,-1.0401862859725952,1.909416913986206,2.002225160598755,-1.2422133684158325,0.8211773037910461,0.4680294990539551,-2.701693296432495,3.909353256225586,0.294064998626709
-0.539352536201477,5.782016277313232,0.10375291109085083,2.1002449989318848,0.7639583349227905,-0.8038448095321655,0.7332028746604919,-1.2301336526870728,1.939345121383667,2.2008635997772217,-1.4033199548721313,0.6907005906105042,0.5347021818161011,-2.8951313495635986,3.964134693145752,0.3921307623386383
-0.6639348268508911,6.30891752243042,0.16018162667751312,2.523744821548462,0.8539016246795654,-0.9471156001091003,0.8374254703521729,-1.5050464868545532,2.3577470779418945,2.588707685470581,-1.6021628379821777,0.7451823353767395,0.5364344120025635,-3.256150722503662,4.367405414581299,0.5303535461425781
-0.7334477305412292,6.764939308166504,0.16367554664611816,2.8507282733917236,1.007567286491394,-1.033742904663086,0.923644483089447,-1.6565219163894653,2.7051143646240234,2.8520138263702393,-1.680489182472229,0.8626947999000549,0.5706438422203064,-3.566732406616211,4.547996997833252,0.714181661605835
-0.6798028945922852,6.278109550476074,0.047815531492233276,2.5632362365722656,1.1184210777282715,-0.7633293271064758,0.7189191579818726,-1.0980769395828247,2.386472225189209,2.4951250553131104,-1.298039197921753,1.1252145767211914,0.4848195016384125,-3.0817620754241943,4.067333698272705,0.7226788997650146
-1.0351330041885376,7.4650492668151855,-0.397585391998291,3.1537022590637207,1.2726291418075562,-0.615303099155426,0.06770966202020645,-0.8581838607788086,2.7589120864868164,2.6731607913970947,-1.2571908235549927,1.7763724327087402,0.15205205976963043,-3.605712413787842,4.810539245605469,0.884207546710968
-1.7726835012435913,9.376931190490723,-0.7801946997642517,4.145743370056152,1.5257556438446045,-0.43038666248321533,-0.9834543466567993,-0.7817087769508362,3.72530460357666,3.2396881580352783,-1.0510660409927368,2.642028570175171,-0.540356457233429,-4.4039306640625,6.309401035308838,0.7877694368362427
-1.839353084564209,9.60558032989502,-0.6387476921081543,4.483022212982178,1.7185038328170776,-0.2858428955078125,-1.005462408065796,-0.843031644821167,3.995819568634033,3.3070216178894043,-1.058763027191162,2.8770272731781006,-0.5657753348350525,-4.568902492523193,6.491932392120361,0.8827235102653503
-1.684515118598938,8.794316291809082,-0.5129171013832092,4.0800909996032715,1.6933648586273193,-0.22388340532779694,-0.7542035579681396,-0.7490590810775757,3.7294750213623047,3.0711777210235596,-0.9817971587181091,2.6638896465301514,-0.4104156792163849,-4.059966564178467,5.947937965393066,0.8146529197692871
-1.7708604335784912,8.805414199829102,-0.5166260600090027,4.124120235443115,1.7106353044509888,-0.3430232107639313,-0.6899710893630981,-0.7988755106925964,3.795193910598755,3.158055067062378,-1.0749236345291138,2.6232974529266357,-0.3866123855113983,-4.099018096923828,6.084385871887207,0.9094847440719604
-1.7822394371032715,8.511297225952148,-0.4202989637851715,3.8017101287841797,1.5719860792160034,-0.36198723316192627,-0.8163473606109619,-0.6032136082649231,3.55045485496521,3.023991823196411,-1.090959906578064,2.538604497909546,-0.5655871629714966,-3.8856611251831055,5.85676383972168,0.7238121628761292
-1.7284154891967773,7.805534839630127,-0.23589305579662323,3.2810144424438477,1.4476085901260376,-0.43654200434684753,-0.9602686762809753,-0.3415886461734772,3.021577835083008,2.6313767433166504,-0.8984924554824829,2.357928514480591,-0.7806110382080078,-3.4303183555603027,5.451137065887451,0.4769347608089447
-1.6725950241088867,7.882089138031006,-0.20056842267513275,3.213881492614746,1.4340224266052246,-0.5571880340576172,-0.9217361807823181,-0.2938801646232605,2.925022840499878,2.585559129714966,-0.7175176739692688,2.417405366897583,-0.8106883764266968,-3.526061534881592,5.4874982833862305,0.46291178464889526
-1.5801026821136475,8.202803611755371,-0.3328801393508911,3.4175150394439697,1.4658294916152954,-0.5978638529777527,-0.8005021214485168,-0.34107527136802673,3.0417065620422363,2.6773922443389893,-0.7135524153709412,2.4244039058685303,-0.7095809578895569,-3.7247366905212402,5.668963432312012,0.6363561153411865
-1.4184210300445557,7.825063705444336,-0.2919999659061432,3.2429771423339844,1.4213322401046753,-0.6229010224342346,-0.5969179272651672,-0.28599438071250916,2.747636318206787,2.5261104106903076,-0.7862866520881653,2.3209056854248047,-0.600739598274231,-3.5419960021972656,5.316988468170166,0.6119420528411865
-1.3238111734390259,7.518806457519531,-0.24320054054260254,3.119295835494995,1.4176654815673828,-0.5578345656394958,-0.4834378957748413,-0.30255386233329773,2.5789551734924316,2.4533591270446777,-0.7875478863716125,2.2004923820495605,-0.5102025270462036,-3.390866279602051,5.096344470977783,0.624917209148407
-1.0151052474975586,6.5247416496276855,-0.13550403714179993,2.537053108215332,1.2842614650726318,-0.43894723057746887,-0.28322887420654297,-0.16459527611732483,2.158355712890625,2.0041067600250244,-0.8222720623016357,1.8634880781173706,-0.3023550510406494,-2.868586540222168,4.377678871154785,0.49099597334861755
-0.7774654030799866,5.570993423461914,-0.02326931059360504,1.9623900651931763,1.1330674886703491,-0.45662790536880493,-0.09380213916301727,-0.1416420042514801,1.7456836700439453,1.5528920888900757,-0.8199335932731628,1.5372287034988403,-0.1653960794210434,-2.329460382461548,3.7084450721740723,0.27267348766326904
-0.615344762802124,4.8802289962768555,0.04006021469831467,1.5297224521636963,0.9539675116539001,-0.4798283576965332,0.10633352398872375,-0.12245868891477585,1.410421371459961,1.244489073753357,-0.7887650728225708,1.2358871698379517,-0.030613113194704056,-1.9528100490570068,3.1357710361480713,0.07667596638202667
-0.78474360704422,5.27817440032959,0.006433142349123955,1.7344892024993896,1.062798261642456,-0.39859604835510254,-0.09861196577548981,-0.1077384501695633,1.6690210103988647,1.48485267162323,-0.7317702770233154,1.4514217376708984,-0.1987776756286621,-2.0899300575256348,3.4541749954223633,0.10058408230543137
-1.4147695302963257,6.919491291046143,-0.14751176536083221,2.727290391921997,1.2912447452545166,-0.45272332429885864,-0.4778009355068207,-0.29566484689712524,2.589177131652832,2.3106207847595215,-0.8146328926086426,2.1239278316497803,-0.4003373980522156,-2.9964966773986816,4.766818046569824,0.5273569822311401
-2.062398672103882,9.042875289916992,-0.4514313340187073,4.214154243469238,1.4987729787826538,-0.5334880352020264,-0.8235062956809998,-0.5956621170043945,3.8595638275146484,3.2887802124023438,-1.0232995748519897,2.665813446044922,-0.6064836978912354,-4.278209686279297,6.320991516113281,1.0969417095184326
-2.13405704498291,10.276379585266113,-0.7823442816734314,4.82080602645874,1.652834415435791,-0.574163019657135,-0.9423263072967529,-0.9320328235626221,4.341419219970703,3.755052328109741,-1.1640498638153076,2.9670541286468506,-0.6622731685638428,-4.888574600219727,7.0127034187316895,1.2308672666549683
-2.0061583518981934,10.32116413116455,-0.9151000380516052,4.815802574157715,1.6406830549240112,-0.5144376754760742,-1.1461021900177002,-0.9684154391288757,4.324875831604004,3.5506184101104736,-1.1112464666366577,3.0372304916381836,-0.747418999671936,-4.85921049118042,7.1028523445129395,1.0789809226989746
-1.907196044921875,10.267860412597656,-0.930794358253479,4.763980865478516,1.5489811897277832,-0.3987574875354767,-1.083857536315918,-0.839495062828064,4.2847700119018555,3.4886274337768555,-1.0122002363204956,3.172794818878174,-0.7706871628761292,-4.87158727645874,7.047682285308838,1.0073872804641724
-1.7788606882095337,9.873613357543945,-0.9006703495979309,4.492902755737305,1.4528759717941284,-0.4366217255592346,-0.9808762669563293,-0.6816391348838806,4.162295818328857,3.433749198913574,-0.8683406710624695,3.0714263916015625,-0.6352198123931885,-4.658192157745361,6.738162517547607,0.9120784401893616
-1.6056443452835083,9.348478317260742,-0.8790974020957947,4.144228935241699,1.382909893989563,-0.4567454159259796,-0.9091545343399048,-0.5685252547264099,3.8537776470184326,3.1498799324035645,-0.8053262233734131,2.8810226917266846,-0.520231306552887,-4.480402946472168,6.389639377593994,0.8756714463233948
-1.1176295280456543,8.100824356079102,-0.764648973941803,3.408355474472046,1.2054667472839355,-0.5526697635650635,-0.5750294923782349,-0.42813268303871155,3.104548454284668,2.54829740524292,-0.8054060935974121,2.3486392498016357,-0.32948118448257446,-3.7950351238250732,5.5247321128845215,0.7911158204078674
-0.9671996235847473,7.882538795471191,-0.5928226709365845,3.3402717113494873,1.1375818252563477,-0.5943767428398132,-0.2526561915874481,-0.5109961628913879,2.8794777393341064,2.479121685028076,-0.93968665599823,2.1852571964263916,-0.22808530926704407,-3.7619822025299072,5.326672077178955,0.9021413326263428
-0.7843067646026611,7.19842004776001,-0.5433623790740967,3.0720744132995605,1.1236623525619507,-0.597072422504425,-0.1869286745786667,-0.44071879982948303,2.4779136180877686,2.209287643432617,-0.9069942235946655,1.9356095790863037,-0.16537265479564667,-3.3588082790374756,4.850645542144775,0.7518615126609802
-0.6360055804252625,6.358749866485596,-0.32075658440589905,2.544253349304199,1.0805805921554565,-0.5352654457092285,-0.10170122236013412,-0.3676013946533203,2.056204080581665,1.8364187479019165,-0.8479104042053223,1.6462327241897583,-0.11327285319566727,-2.8152804374694824,4.1570868492126465,0.5577764511108398
-0.5697141885757446,5.458399295806885,-0.17760755121707916,1.8622900247573853,0.9598314166069031,-0.49103501439094543,0.10471801459789276,-0.21446655690670013,1.6752692461013794,1.468299150466919,-0.8229292035102844,1.2743260860443115,-0.022028617560863495,-2.287532091140747,3.497497081756592,0.313493549823761
-0.47472083568573,4.886326313018799,-0.11609040200710297,1.6381378173828125,0.9028307795524597,-0.4696124494075775,0.1821105033159256,-0.15967680513858795,1.4360471963882446,1.227012276649475,-0.7688550353050232,1.1179763078689575,0.08311057090759277,-2.0231595039367676,3.1070616245269775,0.21183770895004272
-0.4379122853279114,4.831418514251709,-0.05622062087059021,1.583039402961731,0.9093572497367859,-0.4662952125072479,0.14321623742580414,-0.15140871703624725,1.372562050819397,1.1073886156082153,-0.7417398691177368,1.1144863367080688,0.09575531631708145,-1.9404975175857544,3.0576865673065186,0.2105669230222702
-0.5036014914512634,4.889203071594238,-0.045036431401968,1.4950182437896729,0.9264245629310608,-0.5325989723205566,0.11566567420959473,-0.18493567407131195,1.3523714542388916,1.130028486251831,-0.8176038861274719,1.176486849784851,-0.05213505029678345,-1.9736015796661377,3.0447323322296143,0.16974443197250366
-0.5664273500442505,5.036099433898926,0.0001760124578140676,1.5319855213165283,1.0094165802001953,-0.44828173518180847,0.08052142709493637,-0.15619003772735596,1.514493465423584,1.26338791847229,-0.8160380721092224,1.1877177953720093,-0.17807258665561676,-2.022217035293579,3.1490821838378906,0.16809655725955963
-0.4872819185256958,4.837876319885254,-0.0201150830835104,1.5062642097473145,0.9691718220710754,-0.5093346238136292,0.15404464304447174,-0.15347035229206085,1.4671579599380493,1.1800357103347778,-0.7908709645271301,1.1815805435180664,-0.1043853610754013,-1.8996658325195312,2.984274387359619,0.19493773579597473
-0.5715208053588867,5.379240989685059,-0.09944985061883926,1.882703423500061,1.0423754453659058,-0.6259570121765137,0.04959553852677345,-0.3291807472705841,1.6316617727279663,1.3809139728546143,-0.7820542454719543,1.2272307872772217,-0.03441522642970085,-2.202975273132324,3.4163646697998047,0.34967729449272156
-0.5225291848182678,5.826478004455566,-0.07334354519844055,2.255782127380371,1.0640041828155518,-0.7265803217887878,0.1642804592847824,-0.4922879934310913,1.7764692306518555,1.6427650451660156,-0.8766474723815918,1.3224045038223267,0.0871935486793518,-2.5961661338806152,3.6375322341918945,0.5087857246398926
-0.6472218036651611,6.3060302734375,-0.12734714150428772,2.5412850379943848,1.1009972095489502,-0.723494291305542,0.2045794129371643,-0.5805856585502625,2.0452194213867188,1.9463160037994385,-0.8851094841957092,1.4644770622253418,0.06979015469551086,-2.974689483642578,4.0983805656433105,0.6430685520172119
-0.7212491035461426,6.837714672088623,-0.2735706865787506,2.885892629623413,0.9832818508148193,-0.7078100442886353,0.13412787020206451,-0.6504836082458496,2.231786012649536,2.2312021255493164,-0.9615006446838379,1.5941742658615112,0.19083797931671143,-3.2065343856811523,4.542661666870117,0.8147733807563782
-0.7978857755661011,7.133684158325195,-0.34312379360198975,3.0367023944854736,1.015655755996704,-0.6721429824829102,0.05978712439537048,-0.6646875143051147,2.4094436168670654,2.326411008834839,-0.9649748206138611,1.6712241172790527,0.15681679546833038,-3.349238634109497,4.747777938842773,0.8399924039840698
-0.8020547032356262,7.152283191680908,-0.33657124638557434,2.986215353012085,1.0766868591308594,-0.6731399297714233,0.06324540823698044,-0.6868990063667297,2.4102001190185547,2.2737619876861572,-0.9645028710365295,1.6718002557754517,0.09520219266414642,-3.3162713050842285,4.692046642303467,0.7652100920677185
-0.6188320517539978,6.918391227722168,-0.38627058267593384,2.8351011276245117,1.1173408031463623,-0.6570879817008972,0.14968238770961761,-0.6811137199401855,2.3582987785339355,2.2072691917419434,-0.8901076316833496,1.644929051399231,0.15379714965820312,-3.210466146469116,4.47711181640625,0.743696391582489
-0.6851437091827393,6.921887397766113,-0.38760948181152344,2.7972209453582764,1.104306936264038,-0.638174295425415,0.15530037879943848,-0.6475178599357605,2.3649353981018066,2.1233139038085938,-0.9001586437225342,1.5879050493240356,0.10269314795732498,-3.1840202808380127,4.3881025314331055,0.7922813892364502
-0.5623905658721924,6.563512325286865,-0.3613726794719696,2.616142988204956,1.034665822982788,-0.6901201009750366,0.16611187160015106,-0.5780196189880371,2.1391756534576416,2.0157432556152344,-0.8664547801017761,1.440125584602356,0.10872742533683777,-3.046982765197754,4.179899215698242,0.6602342128753662
-0.5955473184585571,6.560148239135742,-0.3240159749984741,2.6810708045959473,1.0538506507873535,-0.7422096133232117,0.2406657636165619,-0.6251683235168457,2.2129013538360596,2.04020094871521,-0.9170817136764526,1.4411036968231201,0.0937613993883133,-3.0620362758636475,4.171233177185059,0.7286472916603088
-0.5923012495040894,6.232959270477295,-0.1797819584608078,2.483640670776367,1.1114457845687866,-0.6680052876472473,0.31896311044692993,-0.5975400805473328,2.104874849319458,1.9075875282287598,-0.9597439169883728,1.3371387720108032,0.15504667162895203,-2.7776832580566406,3.8957018852233887,0.6182848811149597
-0.4929686486721039,5.402876853942871,-0.09507106244564056,1.9009112119674683,1.0314403772354126,-0.5343632102012634,0.3757823407649994,-0.3793089985847473,1.7949366569519043,1.5767916440963745,-0.8622286319732666,1.1657743453979492,0.24679039418697357,-2.3326823711395264,3.320617914199829,0.3040393590927124
-0.5308210849761963,5.159761905670166,-0.04076210409402847,1.6504998207092285,0.9527502655982971,-0.45185351371765137,0.3348313570022583,-0.2357139140367508,1.7747411727905273,1.4556267261505127,-0.8804986476898193,1.1527138948440552,0.1098736822605133,-2.188539505004883,3.0920052528381348,0.21021008491516113
-0.46221432089805603,5.072564601898193,0.013474063947796822,1.601107120513916,0.9103291630744934,-0.45953524112701416,0.3755909204483032,-0.18982669711112976,1.7115521430969238,1.5196694135665894,-0.9025486707687378,1.1696139574050903,0.18061962723731995,-2.2114779949188232,3.015920400619507,0.2701653838157654
-0.5321211218833923,5.047839641571045,9.800679981708527e-05,1.673887014389038,0.9057364463806152,-0.41349971294403076,0.30070602893829346,-0.17426756024360657,1.6501092910766602,1.456722378730774,-0.9281352758407593,1.1694036722183228,0.08652926236391068,-2.172896385192871,3.0325050354003906,0.28273138403892517
-0.4875752329826355,4.89804744720459,0.025382837280631065,1.5616919994354248,0.8797495365142822,-0.38807711005210876,0.31098443269729614,-0.1213688775897026,1.5847585201263428,1.4149479866027832,-0.8765898942947388,1.184428334236145,0.10766510665416718,-2.0519943237304688,2.9331369400024414,0.1688714474439621
-0.4595285654067993,4.779600143432617,0.0019586454145610332,1.4851093292236328,0.9279218316078186,-0.38125190138816833,0.3106883764266968,-0.1323452740907669,1.5567373037338257,1.3568689823150635,-0.8186013698577881,1.1463713645935059,0.1482071876525879,-1.9211362600326538,2.933511972427368,0.13309438526630402
-0.547792375087738,4.817816257476807,0.009612072259187698,1.4938828945159912,0.9399428367614746,-0.4510473310947418,0.4181722104549408,-0.2817852199077606,1.5708410739898682,1.3796122074127197,-0.9044616222381592,1.0929009914398193,0.1298074573278427,-1.9206700325012207,3.0292327404022217,0.1813097447156906
-0.4584248960018158,4.669498443603516,-0.005565771367400885,1.4414677619934082,0.9210523962974548,-0.4893888533115387,0.3651827275753021,-0.2623130679130554,1.423750400543213,1.3139845132827759,-0.9101892709732056,1.0633859634399414,0.16958650946617126,-1.849968433380127,2.9426019191741943,0.15798018872737885
-0.5246148705482483,4.858599662780762,-0.04481399059295654,1.4692708253860474,0.9257255792617798,-0.5215625166893005,0.23867297172546387,-0.2464829981327057,1.4618147611618042,1.2805125713348389,-0.8500996232032776,1.0752490758895874,0.06758663058280945,-1.963803768157959,2.933685064315796,0.16228343546390533
-0.5138776302337646,4.907247543334961,-0.009746580384671688,1.5017906427383423,0.9745964407920837,-0.5572081804275513,0.19636033475399017,-0.2657097280025482,1.473144292831421,1.2208505868911743,-0.7556987404823303,1.1141356229782104,0.047262582927942276,-1.9822936058044434,3.0254082679748535,0.1673707365989685
-0.6011078357696533,5.046557903289795,0.022970426827669144,1.526914119720459,0.9945804476737976,-0.4962482154369354,0.18743424117565155,-0.25452864170074463,1.5307378768920898,1.287813425064087,-0.8516993522644043,1.117098331451416,0.014690880663692951,-1.9902585744857788,3.094571590423584,0.13542671501636505
-0.5975838303565979,4.823648452758789,-0.0036193551495671272,1.48149836063385,1.0076467990875244,-0.4585184156894684,0.18317019939422607,-0.16315960884094238,1.433908224105835,1.180180549621582,-0.8247016668319702,1.0974897146224976,-0.0395800843834877,-1.9054709672927856,3.0436747074127197,0.10324381291866302
-0.5986100435256958,4.948421001434326,0.020736731588840485,1.485830545425415,0.9876102209091187,-0.411728173494339,0.11812429875135422,-0.19301146268844604,1.4581025838851929,1.2189422845840454,-0.877573549747467,1.1199970245361328,-0.13494013249874115,-1.9616920948028564,3.119183301925659,0.09163950383663177
-0.47812893986701965,4.653884410858154,0.02432284690439701,1.374860405921936,0.9428446888923645,-0.4275590479373932,0.1626133918762207,-0.17632508277893066,1.298667073249817,1.1269216537475586,-0.8195192813873291,1.0929127931594849,-0.04274510592222214,-1.8143954277038574,2.9459052085876465,0.08530076593160629
-0.45162686705589294,4.661986351013184,0.004672963172197342,1.3871047496795654,0.9576814770698547,-0.4667125642299652,0.18797317147254944,-0.1896083950996399,1.3460211753845215,1.1272621154785156,-0.794147253036499,1.0849878787994385,-0.0518343448638916,-1.8206859827041626,2.940056562423706,0.033641569316387177
-0.3370750844478607,4.371892929077148,-0.02461017481982708,1.2566964626312256,0.9004769921302795,-0.37517714500427246,0.24663890898227692,-0.12130951136350632,1.3005462884902954,1.0633883476257324,-0.8190974593162537,0.9641754627227783,0.07937756925821304,-1.667804479598999,2.739717483520508,0.024563055485486984
-0.3843787610530853,4.437813758850098,-0.030578017234802246,1.2932859659194946,0.8439065217971802,-0.37545329332351685,0.2064201384782791,-0.1286592036485672,1.224779725074768,1.0476738214492798,-0.8602336645126343,1.0330073833465576,0.11637934297323227,-1.6748775243759155,2.7614552974700928,0.02280464954674244
-0.4396880567073822,4.513833999633789,-0.01954859308898449,1.2945690155029297,0.889949381351471,-0.45217183232307434,0.22412076592445374,-0.12634317576885223,1.339537262916565,1.0819165706634521,-0.8020695447921753,1.0349496603012085,-0.017248712480068207,-1.73159921169281,2.7716386318206787,0.01989619806408882
-0.34190788865089417,4.353200435638428,0.02935756929218769,1.2234642505645752,0.9206951856613159,-0.4487472474575043,0.2237628698348999,-0.1692815124988556,1.2006502151489258,1.1211408376693726,-0.8426542282104492,1.0285024642944336,0.03781319782137871,-1.6848047971725464,2.6735267639160156,0.01195236761122942
-0.5264208912849426,4.630101203918457,0.010884418152272701,1.3238625526428223,0.900551974773407,-0.44634801149368286,0.15585382282733917,-0.14290164411067963,1.4274133443832397,1.1500520706176758,-0.808562695980072,1.0547678470611572,-0.05632245913147926,-1.7980992794036865,2.880859613418579,0.037234678864479065
-0.5316179394721985,4.5791473388671875,0.018376970663666725,1.3433009386062622,0.9107378125190735,-0.4298318326473236,0.14055415987968445,-0.09583141654729843,1.3425723314285278,1.137744426727295,-0.7940826416015625,1.0565369129180908,-0.04954136535525322,-1.7626986503601074,2.8625574111938477,0.038962703198194504
-0.4013929069042206,4.264863967895508,0.04573602229356766,1.1993744373321533,0.8265360593795776,-0.40191617608070374,0.20620371401309967,-0.0769062340259552,1.1901657581329346,1.0312652587890625,-0.8139699697494507,0.976942777633667,-0.007621897384524345,-1.66786527633667,2.639500856399536,-0.006413087714463472
-0.40450215339660645,4.392514705657959,0.02083560824394226,1.2427083253860474,0.869206428527832,-0.442062646150589,0.17959582805633545,-0.13682687282562256,1.2072168588638306,1.080639362335205,-0.7855358123779297,1.0402958393096924,-0.04367322847247124,-1.67664635181427,2.782505512237549,-0.03215513750910759
-0.3503984212875366,4.243494033813477,0.06662865728139877,1.1566158533096313,0.8133156895637512,-0.464433878660202,0.244963139295578,-0.11068890243768692,1.1950573921203613,1.0801697969436646,-0.7906699776649475,1.001225233078003,0.051794376224279404,-1.5615992546081543,2.65985107421875,-0.006557128857821226
-0.3718433082103729,4.269524097442627,0.03907838463783264,1.1799139976501465,0.880789577960968,-0.483890175819397,0.2300773710012436,-0.07589524984359741,1.197324514389038,1.0116366147994995,-0.7885389924049377,0.9929801821708679,-0.022866012528538704,-1.5949554443359375,2.6800196170806885,0.029603373259305954
-0.37097764015197754,4.31637716293335,-0.005612471140921116,1.228646993637085,0.9031567573547363,-0.45347362756729126,0.22424067556858063,-0.09295765310525894,1.2144826650619507,1.0043491125106812,-0.7938222289085388,0.9967468976974487,-0.006071975454688072,-1.6075135469436646,2.764350652694702,0.038627300411462784
-0.39933454990386963,4.414665699005127,0.006088689900934696,1.2393202781677246,0.92234206199646,-0.3411400616168976,0.24055030941963196,-0.04983210563659668,1.231860637664795,1.0066806077957153,-0.8054406642913818,1.0140037536621094,-0.009500697255134583,-1.6981669664382935,2.774390697479248,-0.002136527094990015
-0.37433791160583496,4.535862445831299,-0.01051095500588417,1.3041186332702637,0.9965986609458923,-0.4001460373401642,0.21177643537521362,-0.10931285470724106,1.244981050491333,1.0719636678695679,-0.7948096394538879,1.0153217315673828,-0.08778891712427139,-1.7709863185882568,2.8052210807800293,-0.004631504416465759
-0.34329673647880554,4.340268135070801,0.012777717784047127,1.1723684072494507,0.9142042398452759,-0.4206361174583435,0.15953852236270905,-0.060453612357378006,1.1787341833114624,1.0161116123199463,-0.7679089903831482,1.0078567266464233,-0.07294495403766632,-1.6210966110229492,2.7049944400787354,-0.04303675889968872
-0.4135785698890686,4.397263526916504,-0.0056842900812625885,1.2464995384216309,0.8890004754066467,-0.44223615527153015,0.17033860087394714,-0.11743195354938507,1.2438511848449707,1.0007094144821167,-0.7910760045051575,1.0860649347305298,-0.057283226400613785,-1.7055972814559937,2.8084142208099365,0.037508852779865265
-0.44038528203964233,4.606229782104492,-0.017117511481046677,1.3186630010604858,0.9965232014656067,-0.36263883113861084,0.18185509741306305,-0.12524867057800293,1.3025693893432617,1.0320215225219727,-0.8062407970428467,1.1065489053726196,-0.08453953266143799,-1.7867140769958496,2.862661123275757,0.03106909990310669
-0.3824244439601898,4.309964179992676,-0.037947580218315125,1.1761956214904785,0.9133519530296326,-0.38336068391799927,0.17623627185821533,-0.03266120329499245,1.1748183965682983,0.9416657090187073,-0.7598487734794617,0.9984592199325562,-0.053810618817806244,-1.5815237760543823,2.6225106716156006,-0.029896430671215057
-0.42364051938056946,4.33879280090332,0.03305211290717125,1.2594616413116455,0.8741416335105896,-0.4702756404876709,0.12232533097267151,-0.050020694732666016,1.2504273653030396,0.9950746297836304,-0.7703628540039062,1.0620533227920532,-0.0371328741312027,-1.6007988452911377,2.736698865890503,0.018035296350717545
-0.40751299262046814,4.385784149169922,-0.006529076956212521,1.3246092796325684,0.9138519167900085,-0.4655793011188507,0.10371871292591095,0.00414434727281332,1.2140965461730957,1.0175888538360596,-0.755169689655304,1.0846679210662842,-0.037529416382312775,-1.6449129581451416,2.780233144760132,-0.024701060727238655
-0.3598792552947998,4.41461181640625,0.027011504396796227,1.3508294820785522,0.9685195684432983,-0.4155277609825134,0.1335817277431488,-0.04511135816574097,1.1943864822387695,1.0057835578918457,-0.8083661794662476,1.0501419305801392,-0.07109981030225754,-1.6670541763305664,2.7625083923339844,0.005576763302087784
-0.39741501212120056,4.284608840942383,0.02681661956012249,1.2644643783569336,0.8858829140663147,-0.4013719856739044,0.13387353718280792,-0.08268595486879349,1.1542766094207764,1.0246247053146362,-0.8151084184646606,1.011635661125183,-0.05954508110880852,-1.5829483270645142,2.705052614212036,0.02243124321103096
-0.48451724648475647,4.391016483306885,0.033940885215997696,1.2232245206832886,0.8525497317314148,-0.39090344309806824,0.14431333541870117,-0.04710005223751068,1.201188325881958,1.017901062965393,-0.7920019030570984,1.0138001441955566,-0.08949965238571167,-1.6957746744155884,2.812662363052368,0.0447143092751503
-0.477696031332016,4.3236284255981445,0.07970446348190308,1.2070618867874146,0.8260966539382935,-0.4789503812789917,0.12316307425498962,-0.02673541009426117,1.1741631031036377,0.9716118574142456,-0.7702807784080505,1.0302865505218506,-0.1287907063961029,-1.6386353969573975,2.732895851135254,-0.022501658648252487
-0.4253980219364166,4.316597938537598,0.09511764347553253,1.2492257356643677,0.8219262361526489,-0.5100101828575134,0.08372794091701508,-0.048094335943460464,1.184346079826355,1.0145962238311768,-0.7215608358383179,1.0401661396026611,-0.033746421337127686,-1.638135552406311,2.754979372024536,-0.03197088465094566
-0.387411504983902,4.293033599853516,0.07687222212553024,1.217690110206604,0.8950480818748474,-0.5102119445800781,0.13280849158763885,-0.09548966586589813,1.1856451034545898,1.017576813697815,-0.7463111281394958,1.066834568977356,-0.017665566876530647,-1.6047112941741943,2.7624549865722656,-0.06041719764471054
-0.40771040320396423,4.346733570098877,0.06494355201721191,1.221987009048462,0.8613210916519165,-0.43859219551086426,0.15419086813926697,-0.05111478269100189,1.221242904663086,0.9967730045318604,-0.7914928793907166,1.0452229976654053,-0.018193867057561874,-1.650303840637207,2.7609214782714844,-0.05253353714942932
-0.41363170742988586,4.410391330718994,0.06452775001525879,1.2793112993240356,0.9134949445724487,-0.43343910574913025,0.1734534353017807,-0.05768711119890213,1.226983904838562,1.0480753183364868,-0.7791855335235596,1.0119998455047607,-0.05060898885130882,-1.6802955865859985,2.779043197631836,-0.08609551191329956
-0.4525764584541321,4.482728004455566,0.04776680842041969,1.2503266334533691,0.9549040794372559,-0.3808438181877136,0.13819028437137604,-0.032449789345264435,1.2659178972244263,0.9988986253738403,-0.7367650866508484,1.0389269590377808,-0.15968865156173706,-1.7228490114212036,2.807465076446533,-0.04504141956567764
-0.4312867224216461,4.4336371421813965,-0.003366800956428051,1.2305020093917847,0.9222898483276367,-0.3890905976295471,0.20415857434272766,-0.1111808568239212,1.255480170249939,0.9926711916923523,-0.7683274149894714,1.0078341960906982,-0.0976000726222992,-1.6938334703445435,2.7833428382873535,-4.870822886005044e-05
-0.43138375878334045,4.387544631958008,-0.01630634441971779,1.2177715301513672,0.9101459383964539,-0.3893234431743622,0.18779794871807098,-0.056409064680337906,1.2231582403182983,1.0085160732269287,-0.768988847732544,1.0712108612060547,-0.07848720997571945,-1.639214277267456,2.756979465484619,-0.022419672459363937
-0.4377129077911377,4.430741786956787,0.0338442325592041,1.2641924619674683,0.9479143619537354,-0.43393170833587646,0.16250823438167572,-0.08766096085309982,1.2395579814910889,1.0165349245071411,-0.770677387714386,1.0795655250549316,-0.10579454898834229,-1.6651887893676758,2.8113455772399902,-0.010967631824314594
-0.45802029967308044,4.536864757537842,0.0463578887283802,1.275198221206665,0.9393855333328247,-0.3970586657524109,0.14315353333950043,-0.10478855669498444,1.2733432054519653,1.048780918121338,-0.8275792002677917,1.1029725074768066,-0.07211972028017044,-1.7719792127609253,2.8846027851104736,0.014642487280070782
-0.41153281927108765,4.474301815032959,-0.002528900047764182,1.2546143531799316,0.8955488204956055,-0.39150530099868774,0.17987185716629028,-0.06281627714633942,1.28494393825531,1.0517218112945557,-0.7384506464004517,1.0857763290405273,-0.058618269860744476,-1.723339319229126,2.9090588092803955,0.050582218915224075
-0.38398870825767517,4.449191570281982,-0.033607468008995056,1.2831212282180786,0.9106477499008179,-0.44672322273254395,0.2122334986925125,-0.0656912550330162,1.2666736841201782,1.0972509384155273,-0.757403552532196,1.0983097553253174,-0.02259244956076145,-1.6828632354736328,2.8455071449279785,0.008936136029660702
-0.3806225657463074,4.48112678527832,-0.0196043960750103,1.3496557474136353,0.9135596752166748,-0.3580847382545471,0.1933554857969284,-0.08105749636888504,1.2791447639465332,1.064190149307251,-0.765847384929657,1.1137722730636597,0.026942133903503418,-1.693569540977478,2.8373641967773438,-0.014413200318813324
-0.44681301712989807,4.550840377807617,0.0014190925285220146,1.3695309162139893,0.9635207056999207,-0.4192736744880676,0.13646435737609863,-0.15189650654792786,1.2946540117263794,1.1535544395446777,-0.8319375514984131,1.097298264503479,-0.03583472594618797,-1.7321985960006714,2.9189229011535645,-0.031402379274368286
-0.5287415981292725,4.615646839141846,0.04074973240494728,1.3819936513900757,0.9147734642028809,-0.49407368898391724,0.1045680046081543,-0.15274934470653534,1.3172239065170288,1.13336181640625,-0.8958825469017029,1.1395432949066162,-0.14122983813285828,-1.8276143074035645,2.889570951461792,0.009217907674610615
-0.47082585096359253,4.463583469390869,0.01882893778383732,1.324107050895691,0.9360657334327698,-0.44976311922073364,0.20664407312870026,-0.17221033573150635,1.3320705890655518,1.0697932243347168,-0.8229550719261169,1.0676779747009277,-0.01342426985502243,-1.740756869316101,2.815826416015625,0.03417781740427017
-0.3392118513584137,4.247209548950195,0.04630616307258606,1.241963505744934,0.9161335825920105,-0.43100419640541077,0.30477187037467957,-0.14833004772663116,1.2376689910888672,1.0177991390228271,-0.7739061117172241,1.0044132471084595,0.10381961613893509,-1.642341136932373,2.6746981143951416,-0.03993380814790726
-0.4255588948726654,4.571000099182129,0.022427378222346306,1.3297173976898193,0.9189872741699219,-0.5065893530845642,0.25631487369537354,-0.13041625916957855,1.3584985733032227,1.161845326423645,-0.7945798635482788,1.0767916440963745,-0.002229667967185378,-1.759581208229065,2.8520445823669434,0.015159429982304573
-0.4612940847873688,4.672127723693848,0.04917236417531967,1.287044644355774,0.9370064735412598,-0.4519038796424866,0.21061502397060394,-0.13940206170082092,1.3424566984176636,1.1745333671569824,-0.8097954988479614,1.032631754875183,-0.07210737466812134,-1.8242368698120117,2.9461824893951416,-0.02776939421892166
-0.4320504367351532,4.56179666519165,0.05198153108358383,1.3122546672821045,1.0016207695007324,-0.40068313479423523,0.19413243234157562,-0.09638896584510803,1.2692995071411133,1.1051530838012695,-0.7753741145133972,1.0520254373550415,-0.07317780703306198,-1.760607123374939,2.8635098934173584,-0.005996772088110447
-0.4702760577201843,4.580377101898193,0.018026279285550117,1.372184157371521,1.0029716491699219,-0.4577925205230713,0.13943979144096375,-0.09627650678157806,1.2915549278259277,1.0960105657577515,-0.778793454170227,1.0721279382705688,-0.12013524770736694,-1.7435177564620972,2.8718276023864746,-0.025841861963272095
-0.3896602690219879,4.444841384887695,0.06363561004400253,1.2775225639343262,0.9096075296401978,-0.45160433650016785,0.18875648081302643,-0.1071862280368805,1.218611717224121,1.116208791732788,-0.8159151077270508,1.0138440132141113,0.0013776542618870735,-1.6851016283035278,2.7469847202301025,0.026588497683405876
-0.4377761483192444,4.650087833404541,0.0035522168036550283,1.4089975357055664,0.9331072568893433,-0.43535950779914856,0.20556959509849548,-0.12370557337999344,1.338316559791565,1.1048152446746826,-0.8221124410629272,1.0296934843063354,-0.06489232182502747,-1.8132232427597046,2.907825469970703,0.07285401970148087
-0.4026961624622345,4.495893955230713,0.03489871323108673,1.3100031614303589,0.8720304369926453,-0.4119489789009094,0.1874832957983017,-0.12483326345682144,1.3068044185638428,1.0513012409210205,-0.7971162796020508,0.9916163086891174,0.05068247392773628,-1.717861294746399,2.8430492877960205,-0.0006334221106953919
-0.4069996178150177,4.626923561096191,0.03814893588423729,1.3866677284240723,0.910535991191864,-0.4574348032474518,0.21599304676055908,-0.15382634103298187,1.3667887449264526,1.1060020923614502,-0.7931878566741943,1.0535781383514404,0.04197251796722412,-1.8043851852416992,2.9116368293762207,0.05170992389321327
-0.45322221517562866,4.765567779541016,-0.024785328656435013,1.4443864822387695,0.8341763615608215,-0.5147616863250732,0.24730554223060608,-0.1635388731956482,1.4500489234924316,1.246229887008667,-0.8210242986679077,1.1052758693695068,0.04369809105992317,-1.924418568611145,3.0124263763427734,0.12374458461999893
-0.47981733083724976,4.736100196838379,0.05083870142698288,1.4368304014205933,0.8933339715003967,-0.5064936876296997,0.20172874629497528,-0.19229047000408173,1.4125994443893433,1.2036256790161133,-0.8181282877922058,1.113512396812439,-0.04368796944618225,-1.9524462223052979,3.010653018951416,0.08489404618740082
-0.43672168254852295,4.569814205169678,0.08437258005142212,1.3171112537384033,0.8693834543228149,-0.47847697138786316,0.25782305002212524,-0.21918578445911407,1.3699394464492798,1.1327227354049683,-0.8269087076187134,0.9854471683502197,0.025182370096445084,-1.7610000371932983,2.811882495880127,0.12962162494659424
